timestamp,pm25
2025-01-01 00:00:00,20.33
2025-01-01 01:00:00,17.82
2025-01-01 02:00:00,16.58
2025-01-01 03:00:00,19.85
2025-01-01 04:00:00,21.83
2025-01-01 05:00:00,34.85
2025-01-01 06:00:00,40.19
2025-01-01 07:00:00,51.11
2025-01-01 08:00:00,64.91
2025-01-01 09:00:00,56.78
2025-01-01 10:00:00,45.94
2025-01-01 11:00:00,44.08
2025-01-01 12:00:00,44.74
2025-01-01 13:00:00,45.04
2025-01-01 14:00:00,44.8
2025-01-01 15:00:00,43.13
2025-01-01 16:00:00,66.78
2025-01-01 17:00:00,73.25
2025-01-01 18:00:00,68.12
2025-01-01 19:00:00,60.79
2025-01-01 20:00:00,47.67
2025-01-01 21:00:00,39.13
2025-01-01 22:00:00,39.2
2025-01-01 23:00:00,22.04
2025-01-02 00:00:00,25.62
2025-01-02 01:00:00,25.35
2025-01-02 02:00:00,22.19
2025-01-02 03:00:00,18.17
2025-01-02 04:00:00,16.62
2025-01-02 05:00:00,25.05
2025-01-02 06:00:00,36.31
2025-01-02 07:00:00,56.46
2025-01-02 08:00:00,64.16
2025-01-02 09:00:00,53.55
2025-01-02 10:00:00,45.82
2025-01-02 11:00:00,39.99
2025-01-02 12:00:00,47.58
2025-01-02 13:00:00,32.68
2025-01-02 14:00:00,47.31
2025-01-02 15:00:00,53.74
2025-01-02 16:00:00,59.34
2025-01-02 17:00:00,75.1
2025-01-02 18:00:00,76.03
2025-01-02 19:00:00,57.89
2025-01-02 20:00:00,45.0
2025-01-02 21:00:00,45.2
2025-01-02 22:00:00,24.62
2025-01-02 23:00:00,32.39
2025-01-03 00:00:00,17.85
2025-01-03 01:00:00,13.71
2025-01-03 02:00:00,32.96
2025-01-03 03:00:00,29.19
2025-01-03 04:00:00,24.27
2025-01-03 05:00:00,33.17
2025-01-03 06:00:00,38.66
2025-01-03 07:00:00,61.77
2025-01-03 08:00:00,60.81
2025-01-03 09:00:00,62.39
2025-01-03 10:00:00,62.13
2025-01-03 11:00:00,49.6
2025-01-03 12:00:00,39.96
2025-01-03 13:00:00,49.54
2025-01-03 14:00:00,40.05
2025-01-03 15:00:00,58.8
2025-01-03 16:00:00,63.78
2025-01-03 17:00:00,65.89
2025-01-03 18:00:00,
2025-01-03 19:00:00,65.35
2025-01-03 20:00:00,53.45
2025-01-03 21:00:00,31.19
2025-01-03 22:00:00,32.29
2025-01-03 23:00:00,16.67
2025-01-04 00:00:00,24.6
2025-01-04 01:00:00,21.98
2025-01-04 02:00:00,25.48
2025-01-04 03:00:00,17.6
2025-01-04 04:00:00,16.27
2025-01-04 05:00:00,28.02
2025-01-04 06:00:00,32.54
2025-01-04 07:00:00,57.71
2025-01-04 08:00:00,66.59
2025-01-04 09:00:00,59.02
2025-01-04 10:00:00,59.36
2025-01-04 11:00:00,47.42
2025-01-04 12:00:00,41.72
2025-01-04 13:00:00,43.36
2025-01-04 14:00:00,47.36
2025-01-04 15:00:00,43.24
2025-01-04 16:00:00,60.63
2025-01-04 17:00:00,65.32
2025-01-04 18:00:00,74.59
2025-01-04 19:00:00,61.78
2025-01-04 20:00:00,47.5
2025-01-04 21:00:00,27.36
2025-01-04 22:00:00,28.92
2025-01-04 23:00:00,23.15
2025-01-05 00:00:00,16.65
2025-01-05 01:00:00,24.87
2025-01-05 02:00:00,24.43
2025-01-05 03:00:00,21.24
2025-01-05 04:00:00,21.77
2025-01-05 05:00:00,30.53
2025-01-05 06:00:00,34.26
2025-01-05 07:00:00,54.17
2025-01-05 08:00:00,58.13
2025-01-05 09:00:00,62.61
2025-01-05 10:00:00,63.77
2025-01-05 11:00:00,41.49
2025-01-05 12:00:00,46.33
2025-01-05 13:00:00,41.9
2025-01-05 14:00:00,49.06
2025-01-05 15:00:00,41.34
2025-01-05 16:00:00,63.33
2025-01-05 17:00:00,68.45
2025-01-05 18:00:00,68.02
2025-01-05 19:00:00,58.11
2025-01-05 20:00:00,53.82
2025-01-05 21:00:00,27.04
2025-01-05 22:00:00,30.29
2025-01-05 23:00:00,21.62
2025-01-06 00:00:00,24.65
2025-01-06 01:00:00,25.63
2025-01-06 02:00:00,19.52
2025-01-06 03:00:00,24.23
2025-01-06 04:00:00,33.82
2025-01-06 05:00:00,31.17
2025-01-06 06:00:00,45.17
2025-01-06 07:00:00,55.77
2025-01-06 08:00:00,61.58
2025-01-06 09:00:00,54.45
2025-01-06 10:00:00,46.66
2025-01-06 11:00:00,41.48
2025-01-06 12:00:00,52.4
2025-01-06 13:00:00,44.0
2025-01-06 14:00:00,39.88
2025-01-06 15:00:00,41.71
2025-01-06 16:00:00,60.42
2025-01-06 17:00:00,64.35
2025-01-06 18:00:00,67.45
2025-01-06 19:00:00,59.5
2025-01-06 20:00:00,46.64
2025-01-06 21:00:00,42.19
2025-01-06 22:00:00,26.03
2025-01-06 23:00:00,31.63
2025-01-07 00:00:00,26.21
2025-01-07 01:00:00,25.15
2025-01-07 02:00:00,20.15
2025-01-07 03:00:00,21.86
2025-01-07 04:00:00,18.24
2025-01-07 05:00:00,33.5
2025-01-07 06:00:00,46.09
2025-01-07 07:00:00,52.94
2025-01-07 08:00:00,63.32
2025-01-07 09:00:00,58.03
2025-01-07 10:00:00,56.82
2025-01-07 11:00:00,51.81
2025-01-07 12:00:00,47.54
2025-01-07 13:00:00,39.82
2025-01-07 14:00:00,42.38
2025-01-07 15:00:00,43.26
2025-01-07 16:00:00,61.61
2025-01-07 17:00:00,70.76
2025-01-07 18:00:00,66.15
2025-01-07 19:00:00,55.34
2025-01-07 20:00:00,59.93
2025-01-07 21:00:00,37.3
2025-01-07 22:00:00,33.92
2025-01-07 23:00:00,29.84
2025-01-08 00:00:00,21.45
2025-01-08 01:00:00,24.6
2025-01-08 02:00:00,21.06
2025-01-08 03:00:00,19.27
2025-01-08 04:00:00,27.38
2025-01-08 05:00:00,22.1
2025-01-08 06:00:00,45.51
2025-01-08 07:00:00,54.06
2025-01-08 08:00:00,66.81
2025-01-08 09:00:00,60.15
2025-01-08 10:00:00,56.48
2025-01-08 11:00:00,51.86
2025-01-08 12:00:00,46.61
2025-01-08 13:00:00,40.06
2025-01-08 14:00:00,42.01
2025-01-08 15:00:00,58.39
2025-01-08 16:00:00,57.33
2025-01-08 17:00:00,64.75
2025-01-08 18:00:00,73.32
2025-01-08 19:00:00,63.9
2025-01-08 20:00:00,43.36
2025-01-08 21:00:00,35.17
2025-01-08 22:00:00,33.45
2025-01-08 23:00:00,21.33
2025-01-09 00:00:00,19.15
2025-01-09 01:00:00,26.85
2025-01-09 02:00:00,15.13
2025-01-09 03:00:00,27.62
2025-01-09 04:00:00,18.4
2025-01-09 05:00:00,34.28
2025-01-09 06:00:00,40.22
2025-01-09 07:00:00,49.84
2025-01-09 08:00:00,59.73
2025-01-09 09:00:00,53.1
2025-01-09 10:00:00,62.33
2025-01-09 11:00:00,53.15
2025-01-09 12:00:00,40.27
2025-01-09 13:00:00,50.57
2025-01-09 14:00:00,49.46
2025-01-09 15:00:00,49.99
2025-01-09 16:00:00,59.3
2025-01-09 17:00:00,69.64
2025-01-09 18:00:00,
2025-01-09 19:00:00,67.99
2025-01-09 20:00:00,45.53
2025-01-09 21:00:00,30.43
2025-01-09 22:00:00,23.84
2025-01-09 23:00:00,16.78
2025-01-10 00:00:00,30.03
2025-01-10 01:00:00,21.2
2025-01-10 02:00:00,24.38
2025-01-10 03:00:00,28.65
2025-01-10 04:00:00,38.14
2025-01-10 05:00:00,27.29
2025-01-10 06:00:00,38.85
2025-01-10 07:00:00,58.17
2025-01-10 08:00:00,64.07
2025-01-10 09:00:00,56.77
2025-01-10 10:00:00,46.96
2025-01-10 11:00:00,42.42
2025-01-10 12:00:00,48.0
2025-01-10 13:00:00,43.83
2025-01-10 14:00:00,45.17
2025-01-10 15:00:00,52.85
2025-01-10 16:00:00,58.32
2025-01-10 17:00:00,54.38
2025-01-10 18:00:00,75.88
2025-01-10 19:00:00,68.57
2025-01-10 20:00:00,40.1
2025-01-10 21:00:00,39.3
2025-01-10 22:00:00,22.86
2025-01-10 23:00:00,28.33
2025-01-11 00:00:00,22.85
2025-01-11 01:00:00,
2025-01-11 02:00:00,32.6
2025-01-11 03:00:00,28.46
2025-01-11 04:00:00,25.05
2025-01-11 05:00:00,30.46
2025-01-11 06:00:00,41.71
2025-01-11 07:00:00,55.92
2025-01-11 08:00:00,57.6
2025-01-11 09:00:00,68.5
2025-01-11 10:00:00,47.01
2025-01-11 11:00:00,44.54
2025-01-11 12:00:00,56.25
2025-01-11 13:00:00,44.56
2025-01-11 14:00:00,41.34
2025-01-11 15:00:00,41.93
2025-01-11 16:00:00,65.36
2025-01-11 17:00:00,65.43
2025-01-11 18:00:00,64.5
2025-01-11 19:00:00,61.77
2025-01-11 20:00:00,52.08
2025-01-11 21:00:00,41.15
2025-01-11 22:00:00,26.96
2025-01-11 23:00:00,23.7
2025-01-12 00:00:00,18.33
2025-01-12 01:00:00,18.97
2025-01-12 02:00:00,26.34
2025-01-12 03:00:00,26.5
2025-01-12 04:00:00,31.06
2025-01-12 05:00:00,33.4
2025-01-12 06:00:00,41.72
2025-01-12 07:00:00,56.02
2025-01-12 08:00:00,64.49
2025-01-12 09:00:00,54.69
2025-01-12 10:00:00,45.39
2025-01-12 11:00:00,45.17
2025-01-12 12:00:00,46.09
2025-01-12 13:00:00,45.28
2025-01-12 14:00:00,39.75
2025-01-12 15:00:00,43.89
2025-01-12 16:00:00,61.45
2025-01-12 17:00:00,70.34
2025-01-12 18:00:00,77.36
2025-01-12 19:00:00,62.25
2025-01-12 20:00:00,57.64
2025-01-12 21:00:00,28.09
2025-01-12 22:00:00,26.99
2025-01-12 23:00:00,28.6
2025-01-13 00:00:00,27.92
2025-01-13 01:00:00,21.96
2025-01-13 02:00:00,18.95
2025-01-13 03:00:00,33.55
2025-01-13 04:00:00,25.13
2025-01-13 05:00:00,33.98
2025-01-13 06:00:00,38.47
2025-01-13 07:00:00,56.18
2025-01-13 08:00:00,59.2
2025-01-13 09:00:00,54.32
2025-01-13 10:00:00,49.67
2025-01-13 11:00:00,43.47
2025-01-13 12:00:00,43.2
2025-01-13 13:00:00,40.09
2025-01-13 14:00:00,48.65
2025-01-13 15:00:00,56.67
2025-01-13 16:00:00,48.52
2025-01-13 17:00:00,67.24
2025-01-13 18:00:00,67.37
2025-01-13 19:00:00,66.35
2025-01-13 20:00:00,48.79
2025-01-13 21:00:00,36.38
2025-01-13 22:00:00,31.91
2025-01-13 23:00:00,28.3
2025-01-14 00:00:00,18.29
2025-01-14 01:00:00,27.9
2025-01-14 02:00:00,31.16
2025-01-14 03:00:00,26.11
2025-01-14 04:00:00,38.73
2025-01-14 05:00:00,28.53
2025-01-14 06:00:00,44.14
2025-01-14 07:00:00,49.47
2025-01-14 08:00:00,68.34
2025-01-14 09:00:00,62.52
2025-01-14 10:00:00,49.68
2025-01-14 11:00:00,53.3
2025-01-14 12:00:00,39.12
2025-01-14 13:00:00,37.44
2025-01-14 14:00:00,46.29
2025-01-14 15:00:00,57.54
2025-01-14 16:00:00,69.31
2025-01-14 17:00:00,66.36
2025-01-14 18:00:00,76.3
2025-01-14 19:00:00,57.25
2025-01-14 20:00:00,46.14
2025-01-14 21:00:00,35.11
2025-01-14 22:00:00,24.61
2025-01-14 23:00:00,28.82
2025-01-15 00:00:00,27.22
2025-01-15 01:00:00,20.41
2025-01-15 02:00:00,26.42
2025-01-15 03:00:00,19.24
2025-01-15 04:00:00,18.98
2025-01-15 05:00:00,31.05
2025-01-15 06:00:00,43.54
2025-01-15 07:00:00,51.19
2025-01-15 08:00:00,67.22
2025-01-15 09:00:00,58.79
2025-01-15 10:00:00,44.38
2025-01-15 11:00:00,44.77
2025-01-15 12:00:00,36.96
2025-01-15 13:00:00,43.2
2025-01-15 14:00:00,54.61
2025-01-15 15:00:00,
2025-01-15 16:00:00,54.99
2025-01-15 17:00:00,71.43
2025-01-15 18:00:00,66.09
2025-01-15 19:00:00,65.08
2025-01-15 20:00:00,59.71
2025-01-15 21:00:00,35.98
2025-01-15 22:00:00,21.76
2025-01-15 23:00:00,20.47
2025-01-16 00:00:00,29.85
2025-01-16 01:00:00,32.22
2025-01-16 02:00:00,23.83
2025-01-16 03:00:00,27.63
2025-01-16 04:00:00,34.64
2025-01-16 05:00:00,30.75
2025-01-16 06:00:00,41.74
2025-01-16 07:00:00,45.74
2025-01-16 08:00:00,60.09
2025-01-16 09:00:00,56.32
2025-01-16 10:00:00,55.46
2025-01-16 11:00:00,50.2
2025-01-16 12:00:00,46.36
2025-01-16 13:00:00,49.07
2025-01-16 14:00:00,51.45
2025-01-16 15:00:00,54.83
2025-01-16 16:00:00,60.04
2025-01-16 17:00:00,71.35
2025-01-16 18:00:00,75.33
2025-01-16 19:00:00,65.21
2025-01-16 20:00:00,54.52
2025-01-16 21:00:00,31.22
2025-01-16 22:00:00,22.4
2025-01-16 23:00:00,23.64
2025-01-17 00:00:00,24.07
2025-01-17 01:00:00,29.22
2025-01-17 02:00:00,24.14
2025-01-17 03:00:00,24.48
2025-01-17 04:00:00,30.07
2025-01-17 05:00:00,34.09
2025-01-17 06:00:00,33.31
2025-01-17 07:00:00,55.03
2025-01-17 08:00:00,54.73
2025-01-17 09:00:00,60.28
2025-01-17 10:00:00,43.87
2025-01-17 11:00:00,50.67
2025-01-17 12:00:00,38.71
2025-01-17 13:00:00,37.78
2025-01-17 14:00:00,47.43
2025-01-17 15:00:00,48.9
2025-01-17 16:00:00,56.91
2025-01-17 17:00:00,61.34
2025-01-17 18:00:00,67.74
2025-01-17 19:00:00,64.94
2025-01-17 20:00:00,51.19
2025-01-17 21:00:00,49.69
2025-01-17 22:00:00,25.36
2025-01-17 23:00:00,24.56
2025-01-18 00:00:00,23.22
2025-01-18 01:00:00,20.03
2025-01-18 02:00:00,27.28
2025-01-18 03:00:00,
2025-01-18 04:00:00,15.14
2025-01-18 05:00:00,36.09
2025-01-18 06:00:00,41.07
2025-01-18 07:00:00,51.7
2025-01-18 08:00:00,61.19
2025-01-18 09:00:00,65.23
2025-01-18 10:00:00,59.5
2025-01-18 11:00:00,47.97
2025-01-18 12:00:00,46.55
2025-01-18 13:00:00,45.3
2025-01-18 14:00:00,51.64
2025-01-18 15:00:00,54.85
2025-01-18 16:00:00,62.5
2025-01-18 17:00:00,69.33
2025-01-18 18:00:00,64.48
2025-01-18 19:00:00,68.07
2025-01-18 20:00:00,53.55
2025-01-18 21:00:00,30.98
2025-01-18 22:00:00,26.24
2025-01-18 23:00:00,6.46
2025-01-19 00:00:00,19.51
2025-01-19 01:00:00,21.38
2025-01-19 02:00:00,22.18
2025-01-19 03:00:00,22.37
2025-01-19 04:00:00,22.53
2025-01-19 05:00:00,32.41
2025-01-19 06:00:00,44.59
2025-01-19 07:00:00,54.01
2025-01-19 08:00:00,57.65
2025-01-19 09:00:00,60.39
2025-01-19 10:00:00,42.53
2025-01-19 11:00:00,44.88
2025-01-19 12:00:00,47.74
2025-01-19 13:00:00,46.27
2025-01-19 14:00:00,43.22
2025-01-19 15:00:00,46.93
2025-01-19 16:00:00,49.75
2025-01-19 17:00:00,69.58
2025-01-19 18:00:00,70.6
2025-01-19 19:00:00,73.2
2025-01-19 20:00:00,44.89
2025-01-19 21:00:00,37.85
2025-01-19 22:00:00,28.53
2025-01-19 23:00:00,15.02
2025-01-20 00:00:00,16.39
2025-01-20 01:00:00,29.31
2025-01-20 02:00:00,20.18
2025-01-20 03:00:00,26.32
2025-01-20 04:00:00,24.14
2025-01-20 05:00:00,20.72
2025-01-20 06:00:00,38.6
2025-01-20 07:00:00,56.4
2025-01-20 08:00:00,57.47
2025-01-20 09:00:00,65.14
2025-01-20 10:00:00,47.56
2025-01-20 11:00:00,46.42
2025-01-20 12:00:00,46.06
2025-01-20 13:00:00,44.78
2025-01-20 14:00:00,49.43
2025-01-20 15:00:00,45.63
2025-01-20 16:00:00,55.75
2025-01-20 17:00:00,58.97
2025-01-20 18:00:00,64.63
2025-01-20 19:00:00,64.97
2025-01-20 20:00:00,55.18
2025-01-20 21:00:00,38.03
2025-01-20 22:00:00,31.44
2025-01-20 23:00:00,22.43
2025-01-21 00:00:00,24.79
2025-01-21 01:00:00,19.79
2025-01-21 02:00:00,18.62
2025-01-21 03:00:00,23.42
2025-01-21 04:00:00,31.09
2025-01-21 05:00:00,42.63
2025-01-21 06:00:00,35.73
2025-01-21 07:00:00,46.62
2025-01-21 08:00:00,69.6
2025-01-21 09:00:00,73.86
2025-01-21 10:00:00,48.45
2025-01-21 11:00:00,
2025-01-21 12:00:00,47.5
2025-01-21 13:00:00,48.48
2025-01-21 14:00:00,42.67
2025-01-21 15:00:00,49.88
2025-01-21 16:00:00,61.28
2025-01-21 17:00:00,77.86
2025-01-21 18:00:00,70.91
2025-01-21 19:00:00,58.52
2025-01-21 20:00:00,52.39
2025-01-21 21:00:00,35.1
2025-01-21 22:00:00,25.74
2025-01-21 23:00:00,20.38
2025-01-22 00:00:00,28.92
2025-01-22 01:00:00,21.82
2025-01-22 02:00:00,28.88
2025-01-22 03:00:00,25.74
2025-01-22 04:00:00,19.35
2025-01-22 05:00:00,36.08
2025-01-22 06:00:00,47.23
2025-01-22 07:00:00,60.76
2025-01-22 08:00:00,56.89
2025-01-22 09:00:00,59.93
2025-01-22 10:00:00,50.1
2025-01-22 11:00:00,41.8
2025-01-22 12:00:00,49.42
2025-01-22 13:00:00,46.26
2025-01-22 14:00:00,33.91
2025-01-22 15:00:00,57.02
2025-01-22 16:00:00,54.12
2025-01-22 17:00:00,71.71
2025-01-22 18:00:00,69.96
2025-01-22 19:00:00,60.84
2025-01-22 20:00:00,56.69
2025-01-22 21:00:00,35.26
2025-01-22 22:00:00,24.6
2025-01-22 23:00:00,21.4
2025-01-23 00:00:00,29.79
2025-01-23 01:00:00,20.42
2025-01-23 02:00:00,21.83
2025-01-23 03:00:00,22.15
2025-01-23 04:00:00,33.7
2025-01-23 05:00:00,37.07
2025-01-23 06:00:00,34.35
2025-01-23 07:00:00,59.84
2025-01-23 08:00:00,61.06
2025-01-23 09:00:00,62.22
2025-01-23 10:00:00,52.99
2025-01-23 11:00:00,40.78
2025-01-23 12:00:00,46.52
2025-01-23 13:00:00,
2025-01-23 14:00:00,38.07
2025-01-23 15:00:00,52.51
2025-01-23 16:00:00,54.28
2025-01-23 17:00:00,66.79
2025-01-23 18:00:00,60.13
2025-01-23 19:00:00,56.45
2025-01-23 20:00:00,54.88
2025-01-23 21:00:00,37.85
2025-01-23 22:00:00,31.67
2025-01-23 23:00:00,33.14
2025-01-24 00:00:00,26.66
2025-01-24 01:00:00,15.26
2025-01-24 02:00:00,23.29
2025-01-24 03:00:00,15.63
2025-01-24 04:00:00,24.71
2025-01-24 05:00:00,34.19
2025-01-24 06:00:00,43.46
2025-01-24 07:00:00,60.97
2025-01-24 08:00:00,61.73
2025-01-24 09:00:00,71.23
2025-01-24 10:00:00,53.4
2025-01-24 11:00:00,45.93
2025-01-24 12:00:00,45.22
2025-01-24 13:00:00,46.14
2025-01-24 14:00:00,48.12
2025-01-24 15:00:00,49.02
2025-01-24 16:00:00,56.69
2025-01-24 17:00:00,71.43
2025-01-24 18:00:00,68.54
2025-01-24 19:00:00,57.26
2025-01-24 20:00:00,58.28
2025-01-24 21:00:00,31.23
2025-01-24 22:00:00,33.35
2025-01-24 23:00:00,26.37
2025-01-25 00:00:00,23.03
2025-01-25 01:00:00,23.16
2025-01-25 02:00:00,23.81
2025-01-25 03:00:00,22.65
2025-01-25 04:00:00,19.49
2025-01-25 05:00:00,28.54
2025-01-25 06:00:00,36.14
2025-01-25 07:00:00,51.03
2025-01-25 08:00:00,71.13
2025-01-25 09:00:00,
2025-01-25 10:00:00,56.45
2025-01-25 11:00:00,45.07
2025-01-25 12:00:00,39.23
2025-01-25 13:00:00,44.0
2025-01-25 14:00:00,40.18
2025-01-25 15:00:00,42.61
2025-01-25 16:00:00,58.56
2025-01-25 17:00:00,70.83
2025-01-25 18:00:00,62.08
2025-01-25 19:00:00,64.25
2025-01-25 20:00:00,49.61
2025-01-25 21:00:00,
2025-01-25 22:00:00,18.82
2025-01-25 23:00:00,33.43
2025-01-26 00:00:00,22.51
2025-01-26 01:00:00,23.45
2025-01-26 02:00:00,24.18
2025-01-26 03:00:00,27.65
2025-01-26 04:00:00,24.9
2025-01-26 05:00:00,28.07
2025-01-26 06:00:00,34.78
2025-01-26 07:00:00,51.17
2025-01-26 08:00:00,57.61
2025-01-26 09:00:00,63.33
2025-01-26 10:00:00,52.76
2025-01-26 11:00:00,52.64
2025-01-26 12:00:00,39.33
2025-01-26 13:00:00,47.87
2025-01-26 14:00:00,51.07
2025-01-26 15:00:00,49.7
2025-01-26 16:00:00,67.39
2025-01-26 17:00:00,77.04
2025-01-26 18:00:00,59.35
2025-01-26 19:00:00,61.37
2025-01-26 20:00:00,38.37
2025-01-26 21:00:00,36.33
2025-01-26 22:00:00,35.94
2025-01-26 23:00:00,26.51
2025-01-27 00:00:00,20.48
2025-01-27 01:00:00,14.11
2025-01-27 02:00:00,23.29
2025-01-27 03:00:00,27.91
2025-01-27 04:00:00,26.24
2025-01-27 05:00:00,34.61
2025-01-27 06:00:00,30.64
2025-01-27 07:00:00,60.41
2025-01-27 08:00:00,62.17
2025-01-27 09:00:00,55.06
2025-01-27 10:00:00,41.8
2025-01-27 11:00:00,39.94
2025-01-27 12:00:00,47.56
2025-01-27 13:00:00,39.8
2025-01-27 14:00:00,40.79
2025-01-27 15:00:00,45.46
2025-01-27 16:00:00,53.09
2025-01-27 17:00:00,77.98
2025-01-27 18:00:00,69.61
2025-01-27 19:00:00,56.54
2025-01-27 20:00:00,46.88
2025-01-27 21:00:00,45.27
2025-01-27 22:00:00,25.68
2025-01-27 23:00:00,20.0
2025-01-28 00:00:00,26.74
2025-01-28 01:00:00,24.93
2025-01-28 02:00:00,29.22
2025-01-28 03:00:00,21.36
2025-01-28 04:00:00,21.84
2025-01-28 05:00:00,29.93
2025-01-28 06:00:00,38.8
2025-01-28 07:00:00,60.04
2025-01-28 08:00:00,57.55
2025-01-28 09:00:00,73.5
2025-01-28 10:00:00,49.26
2025-01-28 11:00:00,39.4
2025-01-28 12:00:00,46.51
2025-01-28 13:00:00,38.16
2025-01-28 14:00:00,48.07
2025-01-28 15:00:00,37.78
2025-01-28 16:00:00,53.53
2025-01-28 17:00:00,67.05
2025-01-28 18:00:00,61.77
2025-01-28 19:00:00,61.46
2025-01-28 20:00:00,44.48
2025-01-28 21:00:00,37.61
2025-01-28 22:00:00,29.97
2025-01-28 23:00:00,15.09
2025-01-29 00:00:00,24.79
2025-01-29 01:00:00,18.74
2025-01-29 02:00:00,24.68
2025-01-29 03:00:00,28.5
2025-01-29 04:00:00,20.6
2025-01-29 05:00:00,25.39
2025-01-29 06:00:00,36.01
2025-01-29 07:00:00,53.14
2025-01-29 08:00:00,64.39
2025-01-29 09:00:00,57.96
2025-01-29 10:00:00,50.86
2025-01-29 11:00:00,43.29
2025-01-29 12:00:00,41.41
2025-01-29 13:00:00,43.62
2025-01-29 14:00:00,37.26
2025-01-29 15:00:00,45.01
2025-01-29 16:00:00,47.61
2025-01-29 17:00:00,67.97
2025-01-29 18:00:00,68.22
2025-01-29 19:00:00,58.94
2025-01-29 20:00:00,44.5
2025-01-29 21:00:00,34.91
2025-01-29 22:00:00,26.22
2025-01-29 23:00:00,19.23
2025-01-30 00:00:00,29.74
2025-01-30 01:00:00,23.25
2025-01-30 02:00:00,15.37
2025-01-30 03:00:00,21.31
2025-01-30 04:00:00,26.62
2025-01-30 05:00:00,26.5
2025-01-30 06:00:00,31.09
2025-01-30 07:00:00,47.99
2025-01-30 08:00:00,62.95
2025-01-30 09:00:00,55.68
2025-01-30 10:00:00,49.09
2025-01-30 11:00:00,43.22
2025-01-30 12:00:00,42.9
2025-01-30 13:00:00,44.6
2025-01-30 14:00:00,51.95
2025-01-30 15:00:00,55.41
2025-01-30 16:00:00,61.73
2025-01-30 17:00:00,72.57
2025-01-30 18:00:00,59.88
2025-01-30 19:00:00,65.98
2025-01-30 20:00:00,46.41
2025-01-30 21:00:00,
2025-01-30 22:00:00,34.18
2025-01-30 23:00:00,25.53
2025-01-31 00:00:00,26.08
2025-01-31 01:00:00,20.2
2025-01-31 02:00:00,23.76
2025-01-31 03:00:00,15.16
2025-01-31 04:00:00,28.76
2025-01-31 05:00:00,30.83
2025-01-31 06:00:00,34.18
2025-01-31 07:00:00,
2025-01-31 08:00:00,59.58
2025-01-31 09:00:00,69.62
2025-01-31 10:00:00,57.51
2025-01-31 11:00:00,41.19
2025-01-31 12:00:00,43.71
2025-01-31 13:00:00,37.35
2025-01-31 14:00:00,47.43
2025-01-31 15:00:00,55.69
2025-01-31 16:00:00,59.16
2025-01-31 17:00:00,71.11
2025-01-31 18:00:00,83.92
2025-01-31 19:00:00,62.52
2025-01-31 20:00:00,38.91
2025-01-31 21:00:00,29.31
2025-01-31 22:00:00,21.64
2025-01-31 23:00:00,18.41
2025-02-01 00:00:00,22.55
2025-02-01 01:00:00,16.87
2025-02-01 02:00:00,20.5
2025-02-01 03:00:00,19.89
2025-02-01 04:00:00,20.12
2025-02-01 05:00:00,29.54
2025-02-01 06:00:00,40.02
2025-02-01 07:00:00,46.44
2025-02-01 08:00:00,55.67
2025-02-01 09:00:00,59.2
2025-02-01 10:00:00,39.17
2025-02-01 11:00:00,38.25
2025-02-01 12:00:00,43.64
2025-02-01 13:00:00,39.97
2025-02-01 14:00:00,47.47
2025-02-01 15:00:00,54.01
2025-02-01 16:00:00,61.08
2025-02-01 17:00:00,64.12
2025-02-01 18:00:00,75.81
2025-02-01 19:00:00,66.37
2025-02-01 20:00:00,42.05
2025-02-01 21:00:00,34.23
2025-02-01 22:00:00,39.06
2025-02-01 23:00:00,24.15
2025-02-02 00:00:00,23.69
2025-02-02 01:00:00,23.41
2025-02-02 02:00:00,22.64
2025-02-02 03:00:00,26.68
2025-02-02 04:00:00,15.18
2025-02-02 05:00:00,27.76
2025-02-02 06:00:00,36.95
2025-02-02 07:00:00,53.67
2025-02-02 08:00:00,64.66
2025-02-02 09:00:00,58.43
2025-02-02 10:00:00,53.49
2025-02-02 11:00:00,43.79
2025-02-02 12:00:00,45.81
2025-02-02 13:00:00,42.26
2025-02-02 14:00:00,48.97
2025-02-02 15:00:00,51.26
2025-02-02 16:00:00,62.14
2025-02-02 17:00:00,67.47
2025-02-02 18:00:00,71.03
2025-02-02 19:00:00,60.68
2025-02-02 20:00:00,40.77
2025-02-02 21:00:00,34.47
2025-02-02 22:00:00,29.53
2025-02-02 23:00:00,23.74
2025-02-03 00:00:00,22.33
2025-02-03 01:00:00,15.18
2025-02-03 02:00:00,20.68
2025-02-03 03:00:00,29.38
2025-02-03 04:00:00,30.42
2025-02-03 05:00:00,36.79
2025-02-03 06:00:00,40.08
2025-02-03 07:00:00,59.09
2025-02-03 08:00:00,61.1
2025-02-03 09:00:00,55.25
2025-02-03 10:00:00,42.7
2025-02-03 11:00:00,49.65
2025-02-03 12:00:00,39.36
2025-02-03 13:00:00,43.16
2025-02-03 14:00:00,40.57
2025-02-03 15:00:00,52.28
2025-02-03 16:00:00,54.43
2025-02-03 17:00:00,56.05
2025-02-03 18:00:00,70.92
2025-02-03 19:00:00,55.9
2025-02-03 20:00:00,45.52
2025-02-03 21:00:00,26.45
2025-02-03 22:00:00,23.99
2025-02-03 23:00:00,24.68
2025-02-04 00:00:00,12.0
2025-02-04 01:00:00,15.69
2025-02-04 02:00:00,21.08
2025-02-04 03:00:00,23.8
2025-02-04 04:00:00,31.99
2025-02-04 05:00:00,34.99
2025-02-04 06:00:00,39.77
2025-02-04 07:00:00,54.15
2025-02-04 08:00:00,64.83
2025-02-04 09:00:00,55.11
2025-02-04 10:00:00,45.39
2025-02-04 11:00:00,41.27
2025-02-04 12:00:00,39.18
2025-02-04 13:00:00,36.31
2025-02-04 14:00:00,42.96
2025-02-04 15:00:00,44.22
2025-02-04 16:00:00,48.42
2025-02-04 17:00:00,69.21
2025-02-04 18:00:00,70.09
2025-02-04 19:00:00,55.82
2025-02-04 20:00:00,49.34
2025-02-04 21:00:00,23.51
2025-02-04 22:00:00,26.94
2025-02-04 23:00:00,23.42
2025-02-05 00:00:00,17.84
2025-02-05 01:00:00,21.27
2025-02-05 02:00:00,21.78
2025-02-05 03:00:00,19.91
2025-02-05 04:00:00,29.34
2025-02-05 05:00:00,31.98
2025-02-05 06:00:00,35.82
2025-02-05 07:00:00,54.0
2025-02-05 08:00:00,66.84
2025-02-05 09:00:00,54.95
2025-02-05 10:00:00,44.86
2025-02-05 11:00:00,38.57
2025-02-05 12:00:00,38.72
2025-02-05 13:00:00,40.46
2025-02-05 14:00:00,45.76
2025-02-05 15:00:00,55.74
2025-02-05 16:00:00,55.02
2025-02-05 17:00:00,62.02
2025-02-05 18:00:00,62.23
2025-02-05 19:00:00,64.47
2025-02-05 20:00:00,43.64
2025-02-05 21:00:00,40.39
2025-02-05 22:00:00,36.19
2025-02-05 23:00:00,25.49
2025-02-06 00:00:00,20.07
2025-02-06 01:00:00,22.86
2025-02-06 02:00:00,26.82
2025-02-06 03:00:00,14.55
2025-02-06 04:00:00,20.61
2025-02-06 05:00:00,26.55
2025-02-06 06:00:00,39.06
2025-02-06 07:00:00,50.71
2025-02-06 08:00:00,53.22
2025-02-06 09:00:00,56.75
2025-02-06 10:00:00,44.7
2025-02-06 11:00:00,40.82
2025-02-06 12:00:00,45.36
2025-02-06 13:00:00,34.46
2025-02-06 14:00:00,45.91
2025-02-06 15:00:00,42.35
2025-02-06 16:00:00,58.46
2025-02-06 17:00:00,62.33
2025-02-06 18:00:00,65.81
2025-02-06 19:00:00,65.09
2025-02-06 20:00:00,49.31
2025-02-06 21:00:00,32.01
2025-02-06 22:00:00,27.51
2025-02-06 23:00:00,26.75
2025-02-07 00:00:00,16.61
2025-02-07 01:00:00,16.2
2025-02-07 02:00:00,22.47
2025-02-07 03:00:00,34.91
2025-02-07 04:00:00,20.8
2025-02-07 05:00:00,34.48
2025-02-07 06:00:00,34.62
2025-02-07 07:00:00,49.42
2025-02-07 08:00:00,54.9
2025-02-07 09:00:00,52.25
2025-02-07 10:00:00,45.15
2025-02-07 11:00:00,34.9
2025-02-07 12:00:00,44.09
2025-02-07 13:00:00,40.81
2025-02-07 14:00:00,42.75
2025-02-07 15:00:00,49.31
2025-02-07 16:00:00,50.52
2025-02-07 17:00:00,66.88
2025-02-07 18:00:00,55.38
2025-02-07 19:00:00,64.04
2025-02-07 20:00:00,42.08
2025-02-07 21:00:00,36.11
2025-02-07 22:00:00,19.06
2025-02-07 23:00:00,27.22
2025-02-08 00:00:00,14.7
2025-02-08 01:00:00,29.68
2025-02-08 02:00:00,25.88
2025-02-08 03:00:00,17.52
2025-02-08 04:00:00,18.99
2025-02-08 05:00:00,33.44
2025-02-08 06:00:00,40.82
2025-02-08 07:00:00,49.11
2025-02-08 08:00:00,59.77
2025-02-08 09:00:00,50.42
2025-02-08 10:00:00,51.55
2025-02-08 11:00:00,40.41
2025-02-08 12:00:00,34.23
2025-02-08 13:00:00,35.81
2025-02-08 14:00:00,42.43
2025-02-08 15:00:00,42.49
2025-02-08 16:00:00,58.58
2025-02-08 17:00:00,56.68
2025-02-08 18:00:00,61.06
2025-02-08 19:00:00,61.52
2025-02-08 20:00:00,43.12
2025-02-08 21:00:00,28.15
2025-02-08 22:00:00,31.24
2025-02-08 23:00:00,21.63
2025-02-09 00:00:00,22.29
2025-02-09 01:00:00,23.62
2025-02-09 02:00:00,19.63
2025-02-09 03:00:00,15.63
2025-02-09 04:00:00,17.82
2025-02-09 05:00:00,29.3
2025-02-09 06:00:00,42.33
2025-02-09 07:00:00,58.33
2025-02-09 08:00:00,57.49
2025-02-09 09:00:00,57.28
2025-02-09 10:00:00,34.46
2025-02-09 11:00:00,46.66
2025-02-09 12:00:00,40.04
2025-02-09 13:00:00,44.13
2025-02-09 14:00:00,35.32
2025-02-09 15:00:00,53.91
2025-02-09 16:00:00,46.75
2025-02-09 17:00:00,60.73
2025-02-09 18:00:00,65.93
2025-02-09 19:00:00,57.85
2025-02-09 20:00:00,45.3
2025-02-09 21:00:00,41.13
2025-02-09 22:00:00,33.6
2025-02-09 23:00:00,22.63
2025-02-10 00:00:00,26.91
2025-02-10 01:00:00,20.43
2025-02-10 02:00:00,23.99
2025-02-10 03:00:00,17.28
2025-02-10 04:00:00,21.06
2025-02-10 05:00:00,30.77
2025-02-10 06:00:00,33.26
2025-02-10 07:00:00,57.15
2025-02-10 08:00:00,55.61
2025-02-10 09:00:00,55.42
2025-02-10 10:00:00,46.71
2025-02-10 11:00:00,43.74
2025-02-10 12:00:00,47.97
2025-02-10 13:00:00,43.5
2025-02-10 14:00:00,46.69
2025-02-10 15:00:00,47.14
2025-02-10 16:00:00,54.62
2025-02-10 17:00:00,62.54
2025-02-10 18:00:00,68.74
2025-02-10 19:00:00,56.49
2025-02-10 20:00:00,42.1
2025-02-10 21:00:00,37.25
2025-02-10 22:00:00,18.14
2025-02-10 23:00:00,21.19
2025-02-11 00:00:00,10.38
2025-02-11 01:00:00,20.89
2025-02-11 02:00:00,15.37
2025-02-11 03:00:00,31.88
2025-02-11 04:00:00,17.33
2025-02-11 05:00:00,26.96
2025-02-11 06:00:00,41.67
2025-02-11 07:00:00,54.22
2025-02-11 08:00:00,66.01
2025-02-11 09:00:00,62.19
2025-02-11 10:00:00,46.41
2025-02-11 11:00:00,37.91
2025-02-11 12:00:00,48.29
2025-02-11 13:00:00,39.26
2025-02-11 14:00:00,35.23
2025-02-11 15:00:00,51.64
2025-02-11 16:00:00,63.27
2025-02-11 17:00:00,59.68
2025-02-11 18:00:00,70.0
2025-02-11 19:00:00,53.8
2025-02-11 20:00:00,50.49
2025-02-11 21:00:00,36.89
2025-02-11 22:00:00,37.06
2025-02-11 23:00:00,25.27
2025-02-12 00:00:00,27.12
2025-02-12 01:00:00,22.73
2025-02-12 02:00:00,22.97
2025-02-12 03:00:00,24.8
2025-02-12 04:00:00,31.91
2025-02-12 05:00:00,28.78
2025-02-12 06:00:00,40.09
2025-02-12 07:00:00,51.16
2025-02-12 08:00:00,60.4
2025-02-12 09:00:00,51.32
2025-02-12 10:00:00,50.36
2025-02-12 11:00:00,39.63
2025-02-12 12:00:00,44.2
2025-02-12 13:00:00,35.75
2025-02-12 14:00:00,
2025-02-12 15:00:00,47.57
2025-02-12 16:00:00,62.09
2025-02-12 17:00:00,66.0
2025-02-12 18:00:00,71.57
2025-02-12 19:00:00,55.33
2025-02-12 20:00:00,38.79
2025-02-12 21:00:00,30.8
2025-02-12 22:00:00,20.51
2025-02-12 23:00:00,18.3
2025-02-13 00:00:00,27.1
2025-02-13 01:00:00,21.67
2025-02-13 02:00:00,26.3
2025-02-13 03:00:00,30.14
2025-02-13 04:00:00,11.71
2025-02-13 05:00:00,20.94
2025-02-13 06:00:00,25.31
2025-02-13 07:00:00,52.05
2025-02-13 08:00:00,67.57
2025-02-13 09:00:00,55.03
2025-02-13 10:00:00,55.31
2025-02-13 11:00:00,34.34
2025-02-13 12:00:00,41.58
2025-02-13 13:00:00,37.92
2025-02-13 14:00:00,45.51
2025-02-13 15:00:00,39.78
2025-02-13 16:00:00,51.66
2025-02-13 17:00:00,63.63
2025-02-13 18:00:00,68.93
2025-02-13 19:00:00,61.03
2025-02-13 20:00:00,49.39
2025-02-13 21:00:00,35.42
2025-02-13 22:00:00,26.72
2025-02-13 23:00:00,11.12
2025-02-14 00:00:00,15.7
2025-02-14 01:00:00,21.96
2025-02-14 02:00:00,26.38
2025-02-14 03:00:00,24.55
2025-02-14 04:00:00,26.09
2025-02-14 05:00:00,24.46
2025-02-14 06:00:00,35.72
2025-02-14 07:00:00,49.43
2025-02-14 08:00:00,61.69
2025-02-14 09:00:00,52.95
2025-02-14 10:00:00,44.79
2025-02-14 11:00:00,43.09
2025-02-14 12:00:00,48.89
2025-02-14 13:00:00,29.36
2025-02-14 14:00:00,46.25
2025-02-14 15:00:00,43.71
2025-02-14 16:00:00,51.72
2025-02-14 17:00:00,66.47
2025-02-14 18:00:00,70.83
2025-02-14 19:00:00,59.31
2025-02-14 20:00:00,45.88
2025-02-14 21:00:00,
2025-02-14 22:00:00,28.24
2025-02-14 23:00:00,23.39
2025-02-15 00:00:00,23.09
2025-02-15 01:00:00,26.95
2025-02-15 02:00:00,15.71
2025-02-15 03:00:00,25.16
2025-02-15 04:00:00,21.53
2025-02-15 05:00:00,17.9
2025-02-15 06:00:00,35.54
2025-02-15 07:00:00,38.5
2025-02-15 08:00:00,59.27
2025-02-15 09:00:00,62.61
2025-02-15 10:00:00,46.2
2025-02-15 11:00:00,44.94
2025-02-15 12:00:00,34.38
2025-02-15 13:00:00,45.99
2025-02-15 14:00:00,46.22
2025-02-15 15:00:00,38.07
2025-02-15 16:00:00,65.42
2025-02-15 17:00:00,61.49
2025-02-15 18:00:00,65.27
2025-02-15 19:00:00,54.34
2025-02-15 20:00:00,47.56
2025-02-15 21:00:00,29.5
2025-02-15 22:00:00,25.86
2025-02-15 23:00:00,20.14
2025-02-16 00:00:00,24.78
2025-02-16 01:00:00,16.2
2025-02-16 02:00:00,10.79
2025-02-16 03:00:00,14.57
2025-02-16 04:00:00,14.07
2025-02-16 05:00:00,30.88
2025-02-16 06:00:00,31.57
2025-02-16 07:00:00,55.86
2025-02-16 08:00:00,65.12
2025-02-16 09:00:00,55.92
2025-02-16 10:00:00,47.67
2025-02-16 11:00:00,36.57
2025-02-16 12:00:00,50.77
2025-02-16 13:00:00,41.32
2025-02-16 14:00:00,41.08
2025-02-16 15:00:00,53.03
2025-02-16 16:00:00,55.57
2025-02-16 17:00:00,59.72
2025-02-16 18:00:00,62.37
2025-02-16 19:00:00,57.9
2025-02-16 20:00:00,55.41
2025-02-16 21:00:00,25.02
2025-02-16 22:00:00,28.43
2025-02-16 23:00:00,21.74
2025-02-17 00:00:00,20.45
2025-02-17 01:00:00,22.64
2025-02-17 02:00:00,18.9
2025-02-17 03:00:00,21.89
2025-02-17 04:00:00,25.39
2025-02-17 05:00:00,26.13
2025-02-17 06:00:00,33.89
2025-02-17 07:00:00,56.39
2025-02-17 08:00:00,62.57
2025-02-17 09:00:00,49.75
2025-02-17 10:00:00,43.2
2025-02-17 11:00:00,48.36
2025-02-17 12:00:00,27.73
2025-02-17 13:00:00,40.51
2025-02-17 14:00:00,36.61
2025-02-17 15:00:00,41.95
2025-02-17 16:00:00,59.81
2025-02-17 17:00:00,67.49
2025-02-17 18:00:00,65.68
2025-02-17 19:00:00,48.85
2025-02-17 20:00:00,56.37
2025-02-17 21:00:00,30.12
2025-02-17 22:00:00,26.31
2025-02-17 23:00:00,20.13
2025-02-18 00:00:00,15.35
2025-02-18 01:00:00,23.73
2025-02-18 02:00:00,16.92
2025-02-18 03:00:00,12.8
2025-02-18 04:00:00,26.58
2025-02-18 05:00:00,27.99
2025-02-18 06:00:00,38.22
2025-02-18 07:00:00,47.51
2025-02-18 08:00:00,56.77
2025-02-18 09:00:00,56.55
2025-02-18 10:00:00,47.81
2025-02-18 11:00:00,33.46
2025-02-18 12:00:00,38.97
2025-02-18 13:00:00,
2025-02-18 14:00:00,54.18
2025-02-18 15:00:00,48.65
2025-02-18 16:00:00,55.61
2025-02-18 17:00:00,69.3
2025-02-18 18:00:00,72.94
2025-02-18 19:00:00,58.94
2025-02-18 20:00:00,44.51
2025-02-18 21:00:00,41.79
2025-02-18 22:00:00,27.65
2025-02-18 23:00:00,21.53
2025-02-19 00:00:00,22.84
2025-02-19 01:00:00,16.93
2025-02-19 02:00:00,13.94
2025-02-19 03:00:00,15.71
2025-02-19 04:00:00,21.96
2025-02-19 05:00:00,27.72
2025-02-19 06:00:00,40.62
2025-02-19 07:00:00,46.17
2025-02-19 08:00:00,58.52
2025-02-19 09:00:00,57.16
2025-02-19 10:00:00,
2025-02-19 11:00:00,49.78
2025-02-19 12:00:00,38.88
2025-02-19 13:00:00,31.53
2025-02-19 14:00:00,42.64
2025-02-19 15:00:00,41.6
2025-02-19 16:00:00,52.21
2025-02-19 17:00:00,71.16
2025-02-19 18:00:00,74.95
2025-02-19 19:00:00,63.09
2025-02-19 20:00:00,44.66
2025-02-19 21:00:00,34.6
2025-02-19 22:00:00,38.4
2025-02-19 23:00:00,18.36
2025-02-20 00:00:00,
2025-02-20 01:00:00,21.12
2025-02-20 02:00:00,25.56
2025-02-20 03:00:00,18.96
2025-02-20 04:00:00,14.89
2025-02-20 05:00:00,25.43
2025-02-20 06:00:00,37.75
2025-02-20 07:00:00,
2025-02-20 08:00:00,52.9
2025-02-20 09:00:00,69.24
2025-02-20 10:00:00,55.24
2025-02-20 11:00:00,38.71
2025-02-20 12:00:00,34.58
2025-02-20 13:00:00,43.7
2025-02-20 14:00:00,43.13
2025-02-20 15:00:00,48.88
2025-02-20 16:00:00,49.53
2025-02-20 17:00:00,71.57
2025-02-20 18:00:00,61.56
2025-02-20 19:00:00,55.31
2025-02-20 20:00:00,52.13
2025-02-20 21:00:00,25.82
2025-02-20 22:00:00,24.2
2025-02-20 23:00:00,32.3
2025-02-21 00:00:00,
2025-02-21 01:00:00,12.01
2025-02-21 02:00:00,12.75
2025-02-21 03:00:00,19.51
2025-02-21 04:00:00,24.26
2025-02-21 05:00:00,32.77
2025-02-21 06:00:00,34.84
2025-02-21 07:00:00,53.92
2025-02-21 08:00:00,63.92
2025-02-21 09:00:00,61.67
2025-02-21 10:00:00,45.93
2025-02-21 11:00:00,50.84
2025-02-21 12:00:00,40.47
2025-02-21 13:00:00,44.79
2025-02-21 14:00:00,36.7
2025-02-21 15:00:00,46.11
2025-02-21 16:00:00,61.61
2025-02-21 17:00:00,59.17
2025-02-21 18:00:00,63.96
2025-02-21 19:00:00,51.61
2025-02-21 20:00:00,43.58
2025-02-21 21:00:00,32.28
2025-02-21 22:00:00,24.49
2025-02-21 23:00:00,17.22
2025-02-22 00:00:00,12.35
2025-02-22 01:00:00,10.1
2025-02-22 02:00:00,20.27
2025-02-22 03:00:00,17.01
2025-02-22 04:00:00,26.09
2025-02-22 05:00:00,31.26
2025-02-22 06:00:00,40.96
2025-02-22 07:00:00,52.97
2025-02-22 08:00:00,64.84
2025-02-22 09:00:00,56.46
2025-02-22 10:00:00,43.03
2025-02-22 11:00:00,54.92
2025-02-22 12:00:00,48.0
2025-02-22 13:00:00,42.81
2025-02-22 14:00:00,42.53
2025-02-22 15:00:00,49.37
2025-02-22 16:00:00,55.55
2025-02-22 17:00:00,58.66
2025-02-22 18:00:00,71.14
2025-02-22 19:00:00,62.04
2025-02-22 20:00:00,47.57
2025-02-22 21:00:00,27.27
2025-02-22 22:00:00,24.14
2025-02-22 23:00:00,24.61
2025-02-23 00:00:00,26.33
2025-02-23 01:00:00,18.79
2025-02-23 02:00:00,31.72
2025-02-23 03:00:00,16.26
2025-02-23 04:00:00,23.92
2025-02-23 05:00:00,28.81
2025-02-23 06:00:00,37.33
2025-02-23 07:00:00,54.73
2025-02-23 08:00:00,51.72
2025-02-23 09:00:00,63.4
2025-02-23 10:00:00,54.89
2025-02-23 11:00:00,45.02
2025-02-23 12:00:00,45.91
2025-02-23 13:00:00,36.02
2025-02-23 14:00:00,45.31
2025-02-23 15:00:00,55.17
2025-02-23 16:00:00,51.65
2025-02-23 17:00:00,60.69
2025-02-23 18:00:00,52.57
2025-02-23 19:00:00,56.94
2025-02-23 20:00:00,46.41
2025-02-23 21:00:00,31.23
2025-02-23 22:00:00,24.05
2025-02-23 23:00:00,22.97
2025-02-24 00:00:00,26.34
2025-02-24 01:00:00,14.46
2025-02-24 02:00:00,20.47
2025-02-24 03:00:00,26.54
2025-02-24 04:00:00,20.86
2025-02-24 05:00:00,29.69
2025-02-24 06:00:00,36.45
2025-02-24 07:00:00,53.51
2025-02-24 08:00:00,67.52
2025-02-24 09:00:00,46.15
2025-02-24 10:00:00,48.96
2025-02-24 11:00:00,45.88
2025-02-24 12:00:00,43.88
2025-02-24 13:00:00,38.87
2025-02-24 14:00:00,43.38
2025-02-24 15:00:00,51.35
2025-02-24 16:00:00,58.73
2025-02-24 17:00:00,55.7
2025-02-24 18:00:00,60.06
2025-02-24 19:00:00,63.64
2025-02-24 20:00:00,41.46
2025-02-24 21:00:00,36.63
2025-02-24 22:00:00,24.48
2025-02-24 23:00:00,14.77
2025-02-25 00:00:00,23.69
2025-02-25 01:00:00,21.59
2025-02-25 02:00:00,14.45
2025-02-25 03:00:00,26.76
2025-02-25 04:00:00,25.66
2025-02-25 05:00:00,23.42
2025-02-25 06:00:00,42.13
2025-02-25 07:00:00,51.63
2025-02-25 08:00:00,50.91
2025-02-25 09:00:00,59.12
2025-02-25 10:00:00,59.9
2025-02-25 11:00:00,48.79
2025-02-25 12:00:00,47.66
2025-02-25 13:00:00,50.7
2025-02-25 14:00:00,44.18
2025-02-25 15:00:00,48.95
2025-02-25 16:00:00,55.17
2025-02-25 17:00:00,59.74
2025-02-25 18:00:00,69.43
2025-02-25 19:00:00,64.6
2025-02-25 20:00:00,43.04
2025-02-25 21:00:00,32.74
2025-02-25 22:00:00,24.75
2025-02-25 23:00:00,15.07
2025-02-26 00:00:00,23.3
2025-02-26 01:00:00,13.14
2025-02-26 02:00:00,18.8
2025-02-26 03:00:00,18.73
2025-02-26 04:00:00,17.91
2025-02-26 05:00:00,33.24
2025-02-26 06:00:00,36.37
2025-02-26 07:00:00,49.19
2025-02-26 08:00:00,60.94
2025-02-26 09:00:00,64.51
2025-02-26 10:00:00,49.72
2025-02-26 11:00:00,37.82
2025-02-26 12:00:00,37.55
2025-02-26 13:00:00,41.41
2025-02-26 14:00:00,35.58
2025-02-26 15:00:00,53.83
2025-02-26 16:00:00,54.7
2025-02-26 17:00:00,72.58
2025-02-26 18:00:00,71.04
2025-02-26 19:00:00,51.43
2025-02-26 20:00:00,52.44
2025-02-26 21:00:00,32.03
2025-02-26 22:00:00,33.14
2025-02-26 23:00:00,18.3
2025-02-27 00:00:00,15.86
2025-02-27 01:00:00,16.78
2025-02-27 02:00:00,23.41
2025-02-27 03:00:00,26.02
2025-02-27 04:00:00,22.29
2025-02-27 05:00:00,16.26
2025-02-27 06:00:00,42.46
2025-02-27 07:00:00,56.67
2025-02-27 08:00:00,63.14
2025-02-27 09:00:00,58.32
2025-02-27 10:00:00,47.88
2025-02-27 11:00:00,49.05
2025-02-27 12:00:00,41.46
2025-02-27 13:00:00,44.84
2025-02-27 14:00:00,48.13
2025-02-27 15:00:00,41.36
2025-02-27 16:00:00,54.38
2025-02-27 17:00:00,70.75
2025-02-27 18:00:00,68.64
2025-02-27 19:00:00,65.38
2025-02-27 20:00:00,44.06
2025-02-27 21:00:00,34.98
2025-02-27 22:00:00,31.42
2025-02-27 23:00:00,21.83
2025-02-28 00:00:00,16.51
2025-02-28 01:00:00,18.24
2025-02-28 02:00:00,20.25
2025-02-28 03:00:00,20.17
2025-02-28 04:00:00,25.93
2025-02-28 05:00:00,31.65
2025-02-28 06:00:00,39.53
2025-02-28 07:00:00,57.21
2025-02-28 08:00:00,56.28
2025-02-28 09:00:00,54.4
2025-02-28 10:00:00,51.06
2025-02-28 11:00:00,44.74
2025-02-28 12:00:00,38.65
2025-02-28 13:00:00,46.15
2025-02-28 14:00:00,40.45
2025-02-28 15:00:00,48.83
2025-02-28 16:00:00,50.56
2025-02-28 17:00:00,67.26
2025-02-28 18:00:00,76.5
2025-02-28 19:00:00,61.9
2025-02-28 20:00:00,50.51
2025-02-28 21:00:00,44.68
2025-02-28 22:00:00,34.73
2025-02-28 23:00:00,15.55
2025-03-01 00:00:00,25.99
2025-03-01 01:00:00,18.42
2025-03-01 02:00:00,25.32
2025-03-01 03:00:00,24.43
2025-03-01 04:00:00,22.81
2025-03-01 05:00:00,32.59
2025-03-01 06:00:00,32.22
2025-03-01 07:00:00,53.96
2025-03-01 08:00:00,51.45
2025-03-01 09:00:00,57.9
2025-03-01 10:00:00,51.01
2025-03-01 11:00:00,38.92
2025-03-01 12:00:00,45.01
2025-03-01 13:00:00,38.0
2025-03-01 14:00:00,46.47
2025-03-01 15:00:00,46.17
2025-03-01 16:00:00,59.57
2025-03-01 17:00:00,58.62
2025-03-01 18:00:00,70.76
2025-03-01 19:00:00,62.33
2025-03-01 20:00:00,43.47
2025-03-01 21:00:00,34.54
2025-03-01 22:00:00,24.37
2025-03-01 23:00:00,30.17
2025-03-02 00:00:00,30.53
2025-03-02 01:00:00,35.24
2025-03-02 02:00:00,21.42
2025-03-02 03:00:00,19.8
2025-03-02 04:00:00,
2025-03-02 05:00:00,36.51
2025-03-02 06:00:00,41.56
2025-03-02 07:00:00,52.88
2025-03-02 08:00:00,64.73
2025-03-02 09:00:00,51.52
2025-03-02 10:00:00,49.09
2025-03-02 11:00:00,49.07
2025-03-02 12:00:00,35.36
2025-03-02 13:00:00,52.18
2025-03-02 14:00:00,39.7
2025-03-02 15:00:00,43.64
2025-03-02 16:00:00,56.73
2025-03-02 17:00:00,73.18
2025-03-02 18:00:00,70.59
2025-03-02 19:00:00,58.8
2025-03-02 20:00:00,40.88
2025-03-02 21:00:00,33.28
2025-03-02 22:00:00,20.96
2025-03-02 23:00:00,13.31
2025-03-03 00:00:00,33.68
2025-03-03 01:00:00,21.39
2025-03-03 02:00:00,23.05
2025-03-03 03:00:00,23.09
2025-03-03 04:00:00,21.2
2025-03-03 05:00:00,30.59
2025-03-03 06:00:00,45.08
2025-03-03 07:00:00,48.65
2025-03-03 08:00:00,55.41
2025-03-03 09:00:00,59.3
2025-03-03 10:00:00,47.25
2025-03-03 11:00:00,49.65
2025-03-03 12:00:00,37.59
2025-03-03 13:00:00,44.16
2025-03-03 14:00:00,54.36
2025-03-03 15:00:00,46.14
2025-03-03 16:00:00,58.0
2025-03-03 17:00:00,69.71
2025-03-03 18:00:00,74.58
2025-03-03 19:00:00,
2025-03-03 20:00:00,48.89
2025-03-03 21:00:00,35.72
2025-03-03 22:00:00,28.47
2025-03-03 23:00:00,24.57
2025-03-04 00:00:00,20.27
2025-03-04 01:00:00,26.94
2025-03-04 02:00:00,20.84
2025-03-04 03:00:00,25.99
2025-03-04 04:00:00,20.99
2025-03-04 05:00:00,31.29
2025-03-04 06:00:00,36.84
2025-03-04 07:00:00,51.54
2025-03-04 08:00:00,66.73
2025-03-04 09:00:00,64.55
2025-03-04 10:00:00,43.68
2025-03-04 11:00:00,44.22
