timestamp,temperature,humidity,wind_speed
2025-01-01 00:00:00,7.33,95.4,5.14
2025-01-01 01:00:00,5.06,92.15,6.61
2025-01-01 02:00:00,6.3,88.96,6.98
2025-01-01 03:00:00,8.39,89.9,9.95
2025-01-01 04:00:00,5.87,92.84,7.33
2025-01-01 05:00:00,7.46,89.04,3.77
2025-01-01 06:00:00,13.16,86.24,5.73
2025-01-01 07:00:00,13.95,86.35,1.9
2025-01-01 08:00:00,14.06,81.85,5.12
2025-01-01 09:00:00,18.67,81.88,2.17
2025-01-01 10:00:00,19.07,68.19,2.26
2025-01-01 11:00:00,21.14,69.82,4.09
2025-01-01 12:00:00,24.14,62.71,0.07
2025-01-01 13:00:00,20.83,61.92,0.01
2025-01-01 14:00:00,21.55,69.76,1.53
2025-01-01 15:00:00,23.53,105.4,4.44
2025-01-01 16:00:00,21.63,77.62,1.22
2025-01-01 17:00:00,22.7,71.6,0.0
2025-01-01 18:00:00,,70.11,4.32
2025-01-01 19:00:00,14.76,89.63,6.6
2025-01-01 20:00:00,17.93,81.71,8.3
2025-01-01 21:00:00,11.96,87.47,
2025-01-01 22:00:00,10.14,86.16,6.98
2025-01-01 23:00:00,5.08,90.08,9.63
2025-01-02 00:00:00,5.56,92.3,5.2
2025-01-02 01:00:00,5.88,99.12,7.31
2025-01-02 02:00:00,3.01,107.41,7.88
2025-01-02 03:00:00,6.41,100.6,7.8
2025-01-02 04:00:00,5.45,91.88,5.74
2025-01-02 05:00:00,7.66,85.41,5.83
2025-01-02 06:00:00,9.11,89.54,1.27
2025-01-02 07:00:00,16.43,69.01,3.24
2025-01-02 08:00:00,15.29,81.18,4.18
2025-01-02 09:00:00,15.79,78.08,1.41
2025-01-02 10:00:00,21.96,67.23,2.49
2025-01-02 11:00:00,19.94,64.62,2.77
2025-01-02 12:00:00,24.39,68.48,1.49
2025-01-02 13:00:00,21.05,68.26,2.36
2025-01-02 14:00:00,22.66,62.66,0.96
2025-01-02 15:00:00,25.37,50.08,2.57
2025-01-02 16:00:00,25.45,64.19,4.42
2025-01-02 17:00:00,22.73,77.27,4.46
2025-01-02 18:00:00,20.08,80.69,4.12
2025-01-02 19:00:00,17.3,74.26,6.11
2025-01-02 20:00:00,12.36,80.95,7.57
2025-01-02 21:00:00,11.29,87.91,-2.5
2025-01-02 22:00:00,9.39,83.42,9.34
2025-01-02 23:00:00,10.36,88.47,7.39
2025-01-03 00:00:00,7.65,94.86,8.64
2025-01-03 01:00:00,2.44,104.97,9.69
2025-01-03 02:00:00,6.27,92.59,5.54
2025-01-03 03:00:00,5.19,93.7,6.06
2025-01-03 04:00:00,5.61,89.7,6.07
2025-01-03 05:00:00,9.78,83.7,4.6
2025-01-03 06:00:00,12.69,82.33,7.6
2025-01-03 07:00:00,14.9,81.99,2.94
2025-01-03 08:00:00,13.95,86.14,2.67
2025-01-03 09:00:00,17.59,72.1,3.19
2025-01-03 10:00:00,21.29,78.03,0.6
2025-01-03 11:00:00,24.65,64.17,1.51
2025-01-03 12:00:00,,67.4,2.48
2025-01-03 13:00:00,24.91,61.4,1.6
2025-01-03 14:00:00,23.41,55.26,2.26
2025-01-03 15:00:00,22.89,72.59,2.08
2025-01-03 16:00:00,25.91,67.32,1.23
2025-01-03 17:00:00,25.41,62.98,4.71
2025-01-03 18:00:00,20.48,72.11,7.63
2025-01-03 19:00:00,20.22,74.75,
2025-01-03 20:00:00,16.35,70.16,6.84
2025-01-03 21:00:00,11.75,82.23,8.16
2025-01-03 22:00:00,11.35,89.45,5.69
2025-01-03 23:00:00,11.63,78.78,10.45
2025-01-04 00:00:00,7.2,93.17,8.3
2025-01-04 01:00:00,9.4,81.62,10.35
2025-01-04 02:00:00,0.69,103.8,6.5
2025-01-04 03:00:00,7.91,90.46,9.85
2025-01-04 04:00:00,7.44,83.26,7.66
2025-01-04 05:00:00,8.26,95.93,6.61
2025-01-04 06:00:00,11.11,82.16,5.35
2025-01-04 07:00:00,9.36,84.41,3.85
2025-01-04 08:00:00,15.49,80.27,5.3
2025-01-04 09:00:00,19.23,79.4,3.09
2025-01-04 10:00:00,23.88,61.6,0.0
2025-01-04 11:00:00,21.96,69.87,0.43
2025-01-04 12:00:00,22.97,70.19,1.72
2025-01-04 13:00:00,24.58,69.1,2.57
2025-01-04 14:00:00,27.76,61.74,2.32
2025-01-04 15:00:00,26.24,61.3,4.71
2025-01-04 16:00:00,23.53,63.07,0.57
2025-01-04 17:00:00,24.02,66.9,4.44
2025-01-04 18:00:00,21.12,65.46,2.27
2025-01-04 19:00:00,20.45,57.22,6.92
2025-01-04 20:00:00,14.52,82.9,6.36
2025-01-04 21:00:00,12.68,88.0,7.75
2025-01-04 22:00:00,10.14,75.48,6.3
2025-01-04 23:00:00,5.93,88.56,9.82
2025-01-05 00:00:00,8.15,93.37,9.56
2025-01-05 01:00:00,7.08,102.17,8.77
2025-01-05 02:00:00,6.23,93.26,7.4
2025-01-05 03:00:00,,89.72,7.99
2025-01-05 04:00:00,4.73,94.49,5.44
2025-01-05 05:00:00,8.31,96.91,7.06
2025-01-05 06:00:00,10.53,83.48,7.47
2025-01-05 07:00:00,12.03,80.46,5.83
2025-01-05 08:00:00,15.9,76.24,2.41
2025-01-05 09:00:00,19.62,68.3,3.42
2025-01-05 10:00:00,24.99,65.63,0.46
2025-01-05 11:00:00,23.64,75.16,2.96
2025-01-05 12:00:00,25.4,66.02,2.68
2025-01-05 13:00:00,25.73,62.64,0.0
2025-01-05 14:00:00,22.38,67.47,0.66
2025-01-05 15:00:00,25.83,55.94,2.45
2025-01-05 16:00:00,25.0,69.42,3.05
2025-01-05 17:00:00,28.22,59.78,2.41
2025-01-05 18:00:00,20.84,70.34,5.58
2025-01-05 19:00:00,19.41,89.35,6.15
2025-01-05 20:00:00,16.15,79.77,6.21
2025-01-05 21:00:00,11.29,81.81,5.99
2025-01-05 22:00:00,13.51,80.1,9.17
2025-01-05 23:00:00,10.65,92.27,10.38
2025-01-06 00:00:00,9.42,102.1,7.27
2025-01-06 01:00:00,5.02,87.78,6.98
2025-01-06 02:00:00,9.31,93.13,8.33
2025-01-06 03:00:00,4.04,93.1,6.58
2025-01-06 04:00:00,9.01,98.35,6.29
2025-01-06 05:00:00,13.81,87.19,6.89
2025-01-06 06:00:00,9.52,85.98,
2025-01-06 07:00:00,12.78,89.74,6.2
2025-01-06 08:00:00,16.7,77.79,3.61
2025-01-06 09:00:00,18.08,79.64,2.26
2025-01-06 10:00:00,18.4,77.32,2.27
2025-01-06 11:00:00,23.71,62.7,2.05
2025-01-06 12:00:00,23.04,64.72,0.0
2025-01-06 13:00:00,27.11,66.98,4.34
2025-01-06 14:00:00,24.66,63.84,2.46
2025-01-06 15:00:00,29.26,56.59,3.54
2025-01-06 16:00:00,23.59,62.34,4.93
2025-01-06 17:00:00,22.93,70.22,2.69
2025-01-06 18:00:00,23.13,78.12,5.71
2025-01-06 19:00:00,16.63,72.22,5.37
2025-01-06 20:00:00,16.95,77.2,7.77
2025-01-06 21:00:00,16.53,84.77,3.93
2025-01-06 22:00:00,8.29,89.67,7.45
2025-01-06 23:00:00,9.8,90.06,6.99
2025-01-07 00:00:00,8.62,84.26,8.65
2025-01-07 01:00:00,8.67,91.64,8.6
2025-01-07 02:00:00,4.29,95.13,6.54
2025-01-07 03:00:00,4.46,100.74,6.05
2025-01-07 04:00:00,9.15,94.71,6.33
2025-01-07 05:00:00,10.29,100.01,4.43
2025-01-07 06:00:00,12.26,87.01,6.26
2025-01-07 07:00:00,14.87,81.82,3.67
2025-01-07 08:00:00,15.4,80.37,0.0
2025-01-07 09:00:00,19.82,71.0,2.32
2025-01-07 10:00:00,22.35,70.67,0.84
2025-01-07 11:00:00,22.41,67.41,0.0
2025-01-07 12:00:00,29.16,59.6,0.14
2025-01-07 13:00:00,27.37,68.03,2.27
2025-01-07 14:00:00,24.38,60.9,4.39
2025-01-07 15:00:00,27.74,66.59,3.35
2025-01-07 16:00:00,23.47,73.88,2.59
2025-01-07 17:00:00,25.41,63.79,4.91
2025-01-07 18:00:00,24.08,55.77,4.31
2025-01-07 19:00:00,17.71,72.9,4.73
2025-01-07 20:00:00,,80.95,4.77
2025-01-07 21:00:00,15.0,79.89,4.49
2025-01-07 22:00:00,13.41,77.39,7.01
2025-01-07 23:00:00,13.49,79.74,8.13
2025-01-08 00:00:00,7.86,94.91,7.86
2025-01-08 01:00:00,5.84,96.47,7.27
2025-01-08 02:00:00,5.23,93.46,6.18
2025-01-08 03:00:00,5.72,92.09,8.03
2025-01-08 04:00:00,8.19,88.26,4.52
2025-01-08 05:00:00,10.62,81.96,6.94
2025-01-08 06:00:00,12.56,91.74,3.5
2025-01-08 07:00:00,16.07,76.78,3.09
2025-01-08 08:00:00,17.03,83.04,1.3
2025-01-08 09:00:00,22.5,76.36,2.13
2025-01-08 10:00:00,21.48,75.27,3.86
2025-01-08 11:00:00,29.52,56.06,2.88
2025-01-08 12:00:00,26.92,64.14,3.47
2025-01-08 13:00:00,24.95,64.95,2.89
2025-01-08 14:00:00,24.87,60.68,0.75
2025-01-08 15:00:00,27.63,62.68,2.38
2025-01-08 16:00:00,25.22,58.77,2.33
2025-01-08 17:00:00,25.51,70.17,6.22
2025-01-08 18:00:00,22.95,65.75,3.2
2025-01-08 19:00:00,19.45,74.33,7.12
2025-01-08 20:00:00,15.31,80.95,7.84
2025-01-08 21:00:00,11.39,84.12,9.87
2025-01-08 22:00:00,11.11,88.77,6.98
2025-01-08 23:00:00,11.65,82.65,8.97
2025-01-09 00:00:00,9.0,93.36,11.42
2025-01-09 01:00:00,5.08,88.15,6.97
2025-01-09 02:00:00,7.58,91.76,5.3
2025-01-09 03:00:00,8.34,99.68,4.3
2025-01-09 04:00:00,6.8,87.3,7.57
2025-01-09 05:00:00,10.47,83.41,2.95
2025-01-09 06:00:00,12.35,86.54,4.44
2025-01-09 07:00:00,12.36,84.86,4.88
2025-01-09 08:00:00,17.95,77.33,3.78
2025-01-09 09:00:00,20.94,73.54,3.52
2025-01-09 10:00:00,24.4,69.07,2.74
2025-01-09 11:00:00,26.41,68.43,4.02
2025-01-09 12:00:00,23.13,69.85,0.57
2025-01-09 13:00:00,25.01,63.78,1.09
2025-01-09 14:00:00,28.26,63.47,1.24
2025-01-09 15:00:00,27.92,70.12,4.12
2025-01-09 16:00:00,26.92,61.46,4.85
2025-01-09 17:00:00,32.01,49.61,4.9
2025-01-09 18:00:00,23.37,72.98,6.78
2025-01-09 19:00:00,22.09,68.76,4.01
2025-01-09 20:00:00,19.14,62.93,9.0
2025-01-09 21:00:00,15.94,82.83,9.41
2025-01-09 22:00:00,11.6,82.42,8.7
2025-01-09 23:00:00,11.68,84.53,10.57
2025-01-10 00:00:00,7.22,93.33,5.52
2025-01-10 01:00:00,7.29,92.52,7.11
2025-01-10 02:00:00,6.46,96.36,6.5
2025-01-10 03:00:00,7.93,88.43,8.2
2025-01-10 04:00:00,13.4,84.97,4.92
2025-01-10 05:00:00,6.62,91.27,6.91
2025-01-10 06:00:00,13.8,85.49,7.06
2025-01-10 07:00:00,11.61,88.16,5.27
2025-01-10 08:00:00,16.48,73.1,3.93
2025-01-10 09:00:00,22.19,74.64,1.4
2025-01-10 10:00:00,22.56,65.98,1.13
2025-01-10 11:00:00,22.34,73.03,3.98
2025-01-10 12:00:00,24.66,67.35,3.17
2025-01-10 13:00:00,28.45,69.02,2.04
2025-01-10 14:00:00,25.97,62.43,1.78
2025-01-10 15:00:00,27.52,59.47,0.0
2025-01-10 16:00:00,26.18,63.13,1.89
2025-01-10 17:00:00,23.19,66.2,7.09
2025-01-10 18:00:00,26.71,66.43,3.08
2025-01-10 19:00:00,21.28,62.5,6.06
2025-01-10 20:00:00,13.38,77.16,8.01
2025-01-10 21:00:00,15.21,74.35,5.24
2025-01-10 22:00:00,11.1,90.6,7.88
2025-01-10 23:00:00,12.06,92.96,9.3
2025-01-11 00:00:00,7.35,90.95,8.02
2025-01-11 01:00:00,7.71,90.09,12.2
2025-01-11 02:00:00,8.61,89.94,5.1
2025-01-11 03:00:00,9.67,93.8,8.71
2025-01-11 04:00:00,6.54,88.05,6.24
2025-01-11 05:00:00,9.86,88.9,6.93
2025-01-11 06:00:00,11.65,89.9,5.66
2025-01-11 07:00:00,13.7,84.46,3.12
2025-01-11 08:00:00,21.13,71.75,3.84
2025-01-11 09:00:00,21.0,76.01,0.09
2025-01-11 10:00:00,20.08,58.86,3.31
2025-01-11 11:00:00,26.5,66.14,2.55
2025-01-11 12:00:00,30.5,53.48,2.96
2025-01-11 13:00:00,29.32,49.37,3.69
2025-01-11 14:00:00,24.56,68.22,2.95
2025-01-11 15:00:00,26.29,,3.1
2025-01-11 16:00:00,28.79,58.63,2.18
2025-01-11 17:00:00,23.25,72.39,3.16
2025-01-11 18:00:00,23.49,75.33,6.78
2025-01-11 19:00:00,21.74,76.46,7.93
2025-01-11 20:00:00,15.74,87.09,6.14
2025-01-11 21:00:00,14.89,83.88,7.19
2025-01-11 22:00:00,6.12,93.7,6.24
2025-01-11 23:00:00,8.48,81.77,9.66
2025-01-12 00:00:00,8.58,88.4,9.0
2025-01-12 01:00:00,5.59,89.9,10.81
2025-01-12 02:00:00,11.01,96.84,6.28
2025-01-12 03:00:00,5.22,93.79,6.55
2025-01-12 04:00:00,8.2,90.82,6.85
2025-01-12 05:00:00,10.93,88.86,6.75
2025-01-12 06:00:00,15.62,79.29,4.68
2025-01-12 07:00:00,12.28,92.56,2.91
2025-01-12 08:00:00,20.07,69.28,4.82
2025-01-12 09:00:00,20.35,72.95,3.96
2025-01-12 10:00:00,20.78,67.62,1.03
2025-01-12 11:00:00,25.74,57.29,4.14
2025-01-12 12:00:00,26.8,59.24,3.76
2025-01-12 13:00:00,26.2,63.01,2.3
2025-01-12 14:00:00,27.88,58.53,2.52
2025-01-12 15:00:00,26.63,59.09,3.71
2025-01-12 16:00:00,26.63,55.52,2.21
2025-01-12 17:00:00,26.14,62.87,4.27
2025-01-12 18:00:00,25.91,56.11,1.77
2025-01-12 19:00:00,17.85,79.53,7.09
2025-01-12 20:00:00,22.01,69.9,4.16
2025-01-12 21:00:00,11.25,78.34,9.38
2025-01-12 22:00:00,12.44,82.29,7.1
2025-01-12 23:00:00,11.85,80.96,7.58
2025-01-13 00:00:00,9.75,89.47,7.06
2025-01-13 01:00:00,6.95,98.78,7.47
2025-01-13 02:00:00,7.44,81.96,9.73
2025-01-13 03:00:00,7.21,92.26,3.39
2025-01-13 04:00:00,8.01,89.68,8.42
2025-01-13 05:00:00,12.48,87.14,6.28
2025-01-13 06:00:00,13.57,83.21,3.19
2025-01-13 07:00:00,13.88,77.92,2.61
2025-01-13 08:00:00,19.65,71.43,6.01
2025-01-13 09:00:00,21.06,66.93,1.46
2025-01-13 10:00:00,24.48,71.16,0.67
2025-01-13 11:00:00,26.18,63.34,3.81
2025-01-13 12:00:00,24.86,74.72,2.51
2025-01-13 13:00:00,26.39,62.61,0.7
2025-01-13 14:00:00,29.35,54.93,2.73
2025-01-13 15:00:00,28.73,51.84,1.34
2025-01-13 16:00:00,26.47,53.78,5.15
2025-01-13 17:00:00,25.16,56.84,5.82
2025-01-13 18:00:00,25.41,65.72,5.8
2025-01-13 19:00:00,19.26,76.15,6.32
2025-01-13 20:00:00,18.95,66.17,9.14
2025-01-13 21:00:00,14.86,,7.12
2025-01-13 22:00:00,12.42,81.45,5.83
2025-01-13 23:00:00,12.98,83.76,8.57
2025-01-14 00:00:00,10.93,94.17,11.13
2025-01-14 01:00:00,9.9,92.13,6.38
2025-01-14 02:00:00,10.55,85.33,7.06
2025-01-14 03:00:00,8.32,85.56,7.75
2025-01-14 04:00:00,10.64,75.78,6.42
2025-01-14 05:00:00,10.24,83.54,4.3
2025-01-14 06:00:00,13.58,81.07,6.68
2025-01-14 07:00:00,15.09,74.93,7.7
2025-01-14 08:00:00,18.13,74.65,3.79
2025-01-14 09:00:00,,70.32,1.52
2025-01-14 10:00:00,21.3,69.43,0.08
2025-01-14 11:00:00,29.19,55.46,2.49
2025-01-14 12:00:00,24.58,66.47,3.66
2025-01-14 13:00:00,25.17,66.95,2.81
2025-01-14 14:00:00,30.25,51.67,2.4
2025-01-14 15:00:00,29.18,65.78,1.99
2025-01-14 16:00:00,27.84,60.25,1.86
2025-01-14 17:00:00,26.26,63.2,5.48
2025-01-14 18:00:00,22.91,71.68,6.37
2025-01-14 19:00:00,18.73,75.57,3.46
2025-01-14 20:00:00,18.09,80.13,8.88
2025-01-14 21:00:00,13.99,82.95,7.98
2025-01-14 22:00:00,14.88,77.12,9.7
2025-01-14 23:00:00,10.57,88.45,5.88
2025-01-15 00:00:00,7.67,85.28,5.95
2025-01-15 01:00:00,7.68,91.52,7.67
2025-01-15 02:00:00,8.81,89.12,8.35
2025-01-15 03:00:00,7.2,90.66,9.82
2025-01-15 04:00:00,7.68,90.34,7.56
2025-01-15 05:00:00,11.4,75.99,
2025-01-15 06:00:00,13.47,79.55,3.46
2025-01-15 07:00:00,14.38,81.39,6.07
2025-01-15 08:00:00,17.04,77.74,2.05
2025-01-15 09:00:00,21.04,65.8,5.32
2025-01-15 10:00:00,20.09,78.69,1.98
2025-01-15 11:00:00,22.24,64.81,4.49
2025-01-15 12:00:00,25.21,69.53,3.02
2025-01-15 13:00:00,27.22,63.81,1.9
2025-01-15 14:00:00,28.61,56.35,1.62
2025-01-15 15:00:00,30.59,65.49,2.37
2025-01-15 16:00:00,28.36,53.99,4.14
2025-01-15 17:00:00,24.73,70.0,4.34
2025-01-15 18:00:00,22.95,73.08,4.11
2025-01-15 19:00:00,18.57,71.29,5.53
2025-01-15 20:00:00,17.95,82.54,6.62
2025-01-15 21:00:00,14.82,79.02,3.93
2025-01-15 22:00:00,13.63,83.5,8.29
2025-01-15 23:00:00,9.26,89.91,6.43
2025-01-16 00:00:00,10.38,86.26,6.27
2025-01-16 01:00:00,11.41,89.44,5.37
2025-01-16 02:00:00,7.78,94.8,4.91
2025-01-16 03:00:00,9.14,80.05,5.09
2025-01-16 04:00:00,10.72,92.94,5.44
2025-01-16 05:00:00,10.13,78.99,8.71
2025-01-16 06:00:00,13.45,87.49,4.21
2025-01-16 07:00:00,15.44,84.97,4.49
2025-01-16 08:00:00,18.2,69.75,4.1
2025-01-16 09:00:00,19.04,71.89,3.08
2025-01-16 10:00:00,23.05,62.4,2.29
2025-01-16 11:00:00,26.07,62.32,0.31
2025-01-16 12:00:00,29.56,56.62,4.18
2025-01-16 13:00:00,29.58,62.03,4.81
2025-01-16 14:00:00,32.31,60.59,0.0
2025-01-16 15:00:00,26.12,70.3,1.34
2025-01-16 16:00:00,28.4,57.09,3.08
2025-01-16 17:00:00,25.44,63.29,2.78
2025-01-16 18:00:00,27.38,53.01,5.76
2025-01-16 19:00:00,18.97,70.02,4.68
2025-01-16 20:00:00,16.32,82.84,9.75
2025-01-16 21:00:00,14.21,89.26,8.91
2025-01-16 22:00:00,8.75,83.2,7.92
2025-01-16 23:00:00,9.88,84.72,9.44
2025-01-17 00:00:00,7.81,90.65,9.66
2025-01-17 01:00:00,8.63,90.96,7.05
2025-01-17 02:00:00,8.67,85.45,6.37
2025-01-17 03:00:00,12.08,86.5,7.24
2025-01-17 04:00:00,11.22,83.3,7.79
2025-01-17 05:00:00,9.76,87.79,5.99
2025-01-17 06:00:00,11.19,88.45,2.63
2025-01-17 07:00:00,16.38,77.96,3.02
2025-01-17 08:00:00,15.34,77.31,3.39
2025-01-17 09:00:00,24.23,65.61,2.77
2025-01-17 10:00:00,25.34,64.05,
2025-01-17 11:00:00,24.12,64.47,0.02
2025-01-17 12:00:00,23.22,66.38,2.76
2025-01-17 13:00:00,30.35,64.97,4.34
2025-01-17 14:00:00,27.75,63.68,5.81
2025-01-17 15:00:00,30.12,55.84,2.27
2025-01-17 16:00:00,23.45,70.81,4.24
2025-01-17 17:00:00,23.86,65.04,5.08
2025-01-17 18:00:00,22.99,73.88,5.29
2025-01-17 19:00:00,20.67,73.34,5.63
2025-01-17 20:00:00,17.08,76.34,7.15
2025-01-17 21:00:00,16.64,79.78,3.32
2025-01-17 22:00:00,10.85,78.37,8.62
2025-01-17 23:00:00,10.63,80.92,8.09
2025-01-18 00:00:00,9.51,82.27,
2025-01-18 01:00:00,9.3,89.26,10.97
2025-01-18 02:00:00,9.36,97.12,6.59
2025-01-18 03:00:00,6.03,104.61,6.52
2025-01-18 04:00:00,6.21,96.38,9.49
2025-01-18 05:00:00,13.42,84.87,4.53
2025-01-18 06:00:00,13.6,73.09,4.17
2025-01-18 07:00:00,13.85,79.01,4.0
2025-01-18 08:00:00,21.04,67.0,4.76
2025-01-18 09:00:00,20.75,68.27,3.19
2025-01-18 10:00:00,25.29,63.72,0.46
2025-01-18 11:00:00,25.14,62.43,1.3
2025-01-18 12:00:00,30.72,46.52,1.09
2025-01-18 13:00:00,31.1,59.59,1.99
2025-01-18 14:00:00,27.44,55.98,3.04
2025-01-18 15:00:00,29.54,59.39,3.51
2025-01-18 16:00:00,27.89,71.04,0.84
2025-01-18 17:00:00,27.74,56.29,5.82
2025-01-18 18:00:00,21.0,58.35,5.38
2025-01-18 19:00:00,21.89,68.23,7.85
2025-01-18 20:00:00,20.05,77.93,7.17
2025-01-18 21:00:00,11.83,94.55,8.77
2025-01-18 22:00:00,10.57,80.5,8.3
2025-01-18 23:00:00,6.78,94.81,9.92
2025-01-19 00:00:00,8.65,87.2,8.78
2025-01-19 01:00:00,9.63,87.53,7.75
2025-01-19 02:00:00,10.86,99.43,11.01
2025-01-19 03:00:00,8.34,82.48,8.45
2025-01-19 04:00:00,12.45,85.09,7.36
2025-01-19 05:00:00,8.02,92.81,3.86
2025-01-19 06:00:00,9.45,93.75,3.07
2025-01-19 07:00:00,15.15,80.26,4.66
2025-01-19 08:00:00,18.62,76.11,3.72
2025-01-19 09:00:00,20.38,69.97,1.96
2025-01-19 10:00:00,18.72,75.77,2.61
2025-01-19 11:00:00,24.75,63.66,4.49
2025-01-19 12:00:00,23.9,69.76,3.04
2025-01-19 13:00:00,28.85,57.38,0.39
2025-01-19 14:00:00,28.59,61.5,2.23
2025-01-19 15:00:00,25.63,63.91,1.67
2025-01-19 16:00:00,25.49,69.9,2.92
2025-01-19 17:00:00,22.81,68.03,3.6
2025-01-19 18:00:00,22.73,59.54,4.28
2025-01-19 19:00:00,22.35,75.28,3.89
2025-01-19 20:00:00,15.88,74.15,6.31
2025-01-19 21:00:00,16.27,74.83,6.28
2025-01-19 22:00:00,11.79,81.84,3.2
2025-01-19 23:00:00,9.2,95.57,10.98
2025-01-20 00:00:00,8.87,78.52,9.63
2025-01-20 01:00:00,,109.17,7.33
2025-01-20 02:00:00,6.63,97.84,7.63
2025-01-20 03:00:00,,95.08,5.36
2025-01-20 04:00:00,13.01,82.71,9.04
2025-01-20 05:00:00,10.74,87.82,8.62
2025-01-20 06:00:00,11.34,88.1,5.24
2025-01-20 07:00:00,15.58,82.36,5.76
2025-01-20 08:00:00,17.52,79.0,3.76
2025-01-20 09:00:00,19.89,73.11,0.87
2025-01-20 10:00:00,23.97,65.56,1.78
2025-01-20 11:00:00,26.33,62.25,2.3
2025-01-20 12:00:00,25.34,63.52,1.32
2025-01-20 13:00:00,26.25,68.79,1.77
2025-01-20 14:00:00,27.19,64.68,2.26
2025-01-20 15:00:00,22.8,53.6,2.76
2025-01-20 16:00:00,23.37,70.72,3.58
2025-01-20 17:00:00,27.55,62.15,2.63
2025-01-20 18:00:00,26.03,63.36,3.92
2025-01-20 19:00:00,19.83,70.81,3.85
2025-01-20 20:00:00,18.89,79.79,7.97
2025-01-20 21:00:00,15.77,83.58,3.96
2025-01-20 22:00:00,18.9,70.29,9.33
2025-01-20 23:00:00,12.91,85.17,9.98
2025-01-21 00:00:00,8.68,84.62,7.55
2025-01-21 01:00:00,6.03,86.56,3.99
2025-01-21 02:00:00,4.39,92.78,7.06
2025-01-21 03:00:00,8.35,94.29,
2025-01-21 04:00:00,7.43,96.12,4.98
2025-01-21 05:00:00,7.68,93.55,5.0
2025-01-21 06:00:00,11.3,89.18,7.3
2025-01-21 07:00:00,12.85,85.81,5.22
2025-01-21 08:00:00,20.97,67.84,2.11
2025-01-21 09:00:00,21.95,71.73,0.48
2025-01-21 10:00:00,22.58,72.63,1.91
2025-01-21 11:00:00,27.63,64.83,1.78
2025-01-21 12:00:00,26.41,68.83,2.74
2025-01-21 13:00:00,25.53,67.75,1.3
2025-01-21 14:00:00,30.64,58.3,3.17
2025-01-21 15:00:00,28.34,65.34,5.78
2025-01-21 16:00:00,24.18,66.1,4.72
2025-01-21 17:00:00,24.29,61.66,4.15
2025-01-21 18:00:00,20.85,70.41,4.73
2025-01-21 19:00:00,17.42,72.65,5.24
2025-01-21 20:00:00,19.45,69.95,8.27
2025-01-21 21:00:00,18.83,73.53,6.18
2025-01-21 22:00:00,9.8,83.84,7.67
2025-01-21 23:00:00,11.65,83.49,7.97
2025-01-22 00:00:00,7.47,81.83,7.25
2025-01-22 01:00:00,6.79,93.38,5.84
2025-01-22 02:00:00,6.24,93.15,8.08
2025-01-22 03:00:00,6.04,89.35,7.03
2025-01-22 04:00:00,8.86,92.51,7.25
2025-01-22 05:00:00,8.69,94.15,4.98
2025-01-22 06:00:00,12.97,75.01,6.83
2025-01-22 07:00:00,14.74,76.58,2.91
2025-01-22 08:00:00,16.95,73.23,6.07
2025-01-22 09:00:00,18.2,70.5,0.26
2025-01-22 10:00:00,21.27,74.74,3.05
2025-01-22 11:00:00,26.01,62.52,2.82
2025-01-22 12:00:00,27.09,60.54,0.81
2025-01-22 13:00:00,25.13,54.79,2.74
2025-01-22 14:00:00,27.63,64.23,4.32
2025-01-22 15:00:00,28.59,53.42,0.0
2025-01-22 16:00:00,22.75,68.67,4.25
2025-01-22 17:00:00,25.58,65.52,0.48
2025-01-22 18:00:00,21.1,77.65,3.55
2025-01-22 19:00:00,21.16,64.22,8.22
2025-01-22 20:00:00,,63.55,5.63
2025-01-22 21:00:00,11.23,86.57,5.36
2025-01-22 22:00:00,9.17,97.75,7.3
2025-01-22 23:00:00,10.45,93.02,11.0
2025-01-23 00:00:00,9.09,89.91,5.25
2025-01-23 01:00:00,5.76,91.4,6.32
2025-01-23 02:00:00,8.51,93.77,9.84
2025-01-23 03:00:00,4.25,91.26,9.91
2025-01-23 04:00:00,8.44,92.22,6.34
2025-01-23 05:00:00,7.74,93.42,3.92
2025-01-23 06:00:00,10.93,91.41,8.14
2025-01-23 07:00:00,14.74,94.19,6.62
2025-01-23 08:00:00,15.51,81.2,4.52
2025-01-23 09:00:00,,71.38,1.66
2025-01-23 10:00:00,24.24,66.01,2.33
2025-01-23 11:00:00,23.15,58.93,1.86
2025-01-23 12:00:00,27.56,57.69,2.5
2025-01-23 13:00:00,24.63,63.51,4.28
2025-01-23 14:00:00,28.29,57.44,3.72
2025-01-23 15:00:00,29.77,58.61,1.26
2025-01-23 16:00:00,20.95,66.96,5.56
2025-01-23 17:00:00,22.71,74.04,4.69
2025-01-23 18:00:00,23.38,67.43,6.03
2025-01-23 19:00:00,19.41,73.34,7.98
2025-01-23 20:00:00,17.97,73.91,4.83
2025-01-23 21:00:00,13.43,83.13,7.07
2025-01-23 22:00:00,12.4,88.03,6.8
2025-01-23 23:00:00,9.85,83.39,5.55
2025-01-24 00:00:00,10.68,83.19,8.52
2025-01-24 01:00:00,7.86,89.19,11.67
2025-01-24 02:00:00,7.68,84.25,4.84
2025-01-24 03:00:00,6.52,88.62,7.07
2025-01-24 04:00:00,7.37,89.06,7.46
2025-01-24 05:00:00,9.07,93.27,5.96
2025-01-24 06:00:00,12.8,84.61,4.83
2025-01-24 07:00:00,13.58,83.1,2.27
2025-01-24 08:00:00,17.59,80.37,3.85
2025-01-24 09:00:00,23.75,66.19,1.74
2025-01-24 10:00:00,23.75,68.83,0.0
2025-01-24 11:00:00,23.43,66.84,3.89
2025-01-24 12:00:00,28.07,61.72,3.44
2025-01-24 13:00:00,25.85,60.81,2.18
2025-01-24 14:00:00,22.93,55.91,2.75
2025-01-24 15:00:00,24.65,64.85,4.49
2025-01-24 16:00:00,21.93,76.72,3.84
2025-01-24 17:00:00,23.38,72.06,5.58
2025-01-24 18:00:00,22.04,74.27,4.55
2025-01-24 19:00:00,22.95,74.26,7.74
2025-01-24 20:00:00,17.66,76.45,6.98
2025-01-24 21:00:00,13.98,82.52,7.41
2025-01-24 22:00:00,13.67,78.91,5.69
2025-01-24 23:00:00,5.51,,
2025-01-25 00:00:00,8.57,92.72,6.75
2025-01-25 01:00:00,8.65,95.54,6.94
2025-01-25 02:00:00,3.81,96.09,6.38
2025-01-25 03:00:00,9.39,86.16,5.52
2025-01-25 04:00:00,8.78,89.33,9.69
2025-01-25 05:00:00,8.86,92.22,7.77
2025-01-25 06:00:00,13.03,75.74,
2025-01-25 07:00:00,18.72,62.94,2.39
2025-01-25 08:00:00,17.13,74.05,3.61
2025-01-25 09:00:00,19.85,66.62,0.94
2025-01-25 10:00:00,20.84,68.7,1.36
2025-01-25 11:00:00,22.13,68.57,0.73
2025-01-25 12:00:00,27.08,59.61,3.86
2025-01-25 13:00:00,24.71,72.7,1.51
2025-01-25 14:00:00,26.91,63.77,4.0
2025-01-25 15:00:00,25.47,65.8,3.78
2025-01-25 16:00:00,26.38,66.04,6.96
2025-01-25 17:00:00,24.5,60.06,2.0
2025-01-25 18:00:00,23.84,71.94,6.89
2025-01-25 19:00:00,18.33,74.63,7.5
2025-01-25 20:00:00,16.22,81.52,5.04
2025-01-25 21:00:00,12.22,78.81,8.63
2025-01-25 22:00:00,10.87,78.43,8.1
2025-01-25 23:00:00,10.45,90.91,7.56
2025-01-26 00:00:00,9.35,,6.76
2025-01-26 01:00:00,5.0,90.49,6.82
2025-01-26 02:00:00,8.24,85.79,10.67
2025-01-26 03:00:00,9.55,93.8,7.12
2025-01-26 04:00:00,8.67,83.55,7.67
2025-01-26 05:00:00,13.18,90.94,4.59
2025-01-26 06:00:00,9.95,83.07,3.83
2025-01-26 07:00:00,11.42,88.56,5.85
2025-01-26 08:00:00,12.94,81.45,1.48
2025-01-26 09:00:00,22.08,72.4,2.26
2025-01-26 10:00:00,22.81,65.56,2.45
2025-01-26 11:00:00,23.46,66.5,2.27
2025-01-26 12:00:00,25.72,64.12,1.73
2025-01-26 13:00:00,23.91,61.62,2.7
2025-01-26 14:00:00,31.39,59.12,3.44
2025-01-26 15:00:00,26.42,60.3,3.98
2025-01-26 16:00:00,25.38,63.29,2.02
2025-01-26 17:00:00,25.02,60.0,3.8
2025-01-26 18:00:00,22.46,56.0,6.79
2025-01-26 19:00:00,19.54,72.23,7.12
2025-01-26 20:00:00,14.92,92.18,4.44
2025-01-26 21:00:00,14.85,84.15,7.65
2025-01-26 22:00:00,15.26,79.51,4.63
2025-01-26 23:00:00,12.12,83.01,7.97
2025-01-27 00:00:00,10.75,86.49,10.85
2025-01-27 01:00:00,5.54,96.93,6.48
2025-01-27 02:00:00,4.24,90.24,6.35
2025-01-27 03:00:00,6.31,98.61,8.27
2025-01-27 04:00:00,7.67,94.57,4.19
2025-01-27 05:00:00,11.34,89.08,4.83
2025-01-27 06:00:00,7.84,92.93,5.89
2025-01-27 07:00:00,16.69,77.56,3.27
2025-01-27 08:00:00,15.9,82.01,3.15
2025-01-27 09:00:00,17.95,78.53,3.99
2025-01-27 10:00:00,19.2,71.93,3.03
2025-01-27 11:00:00,19.98,69.66,2.5
2025-01-27 12:00:00,26.53,63.21,1.49
2025-01-27 13:00:00,26.03,71.2,2.66
2025-01-27 14:00:00,23.64,60.84,2.22
2025-01-27 15:00:00,23.29,60.23,3.57
2025-01-27 16:00:00,24.21,67.01,2.75
2025-01-27 17:00:00,26.63,62.81,3.95
2025-01-27 18:00:00,20.7,,3.52
2025-01-27 19:00:00,15.8,80.02,5.72
2025-01-27 20:00:00,15.73,77.79,5.28
2025-01-27 21:00:00,13.09,90.31,5.45
2025-01-27 22:00:00,5.83,85.75,7.99
2025-01-27 23:00:00,9.04,84.8,8.22
2025-01-28 00:00:00,6.8,91.78,9.17
2025-01-28 01:00:00,7.66,82.79,7.25
2025-01-28 02:00:00,9.62,87.19,8.21
2025-01-28 03:00:00,8.52,98.03,7.95
2025-01-28 04:00:00,6.73,92.51,7.17
2025-01-28 05:00:00,6.64,93.69,4.54
2025-01-28 06:00:00,16.07,72.09,5.22
2025-01-28 07:00:00,13.46,79.23,4.77
2025-01-28 08:00:00,15.95,76.7,3.51
2025-01-28 09:00:00,18.47,73.21,0.0
2025-01-28 10:00:00,21.32,76.93,2.64
2025-01-28 11:00:00,22.71,71.22,5.42
2025-01-28 12:00:00,23.44,61.78,1.46
2025-01-28 13:00:00,24.49,67.0,1.01
2025-01-28 14:00:00,25.86,66.2,2.96
2025-01-28 15:00:00,24.5,71.45,3.35
2025-01-28 16:00:00,23.16,75.66,5.29
2025-01-28 17:00:00,23.21,62.61,2.34
2025-01-28 18:00:00,20.42,67.82,6.1
2025-01-28 19:00:00,,63.93,6.66
2025-01-28 20:00:00,10.63,85.38,6.29
2025-01-28 21:00:00,15.52,81.55,7.63
2025-01-28 22:00:00,13.42,87.31,9.14
2025-01-28 23:00:00,4.71,95.06,9.21
2025-01-29 00:00:00,6.28,91.48,6.29
2025-01-29 01:00:00,5.22,95.43,9.13
2025-01-29 02:00:00,2.81,94.11,7.5
2025-01-29 03:00:00,4.41,106.33,7.23
2025-01-29 04:00:00,4.74,87.35,6.61
2025-01-29 05:00:00,12.06,85.33,5.55
2025-01-29 06:00:00,12.5,93.87,6.79
2025-01-29 07:00:00,15.58,79.16,4.1
2025-01-29 08:00:00,17.07,75.94,1.82
2025-01-29 09:00:00,15.95,76.79,2.29
2025-01-29 10:00:00,19.57,72.24,2.67
2025-01-29 11:00:00,23.67,73.86,3.95
2025-01-29 12:00:00,21.84,58.68,2.9
2025-01-29 13:00:00,26.71,70.1,0.83
2025-01-29 14:00:00,25.14,57.67,6.13
2025-01-29 15:00:00,24.53,64.37,3.28
2025-01-29 16:00:00,25.71,61.79,5.41
2025-01-29 17:00:00,23.58,70.07,4.0
2025-01-29 18:00:00,19.9,64.66,5.8
2025-01-29 19:00:00,20.53,74.02,7.04
2025-01-29 20:00:00,13.46,92.43,8.33
2025-01-29 21:00:00,14.27,74.28,8.71
2025-01-29 22:00:00,11.81,85.73,8.91
2025-01-29 23:00:00,7.93,87.3,7.43
2025-01-30 00:00:00,7.31,93.66,7.14
2025-01-30 01:00:00,3.15,97.87,8.4
2025-01-30 02:00:00,7.16,88.55,9.0
2025-01-30 03:00:00,5.28,97.02,6.79
2025-01-30 04:00:00,5.61,103.11,8.1
2025-01-30 05:00:00,10.34,86.04,7.96
2025-01-30 06:00:00,8.9,92.75,3.63
2025-01-30 07:00:00,9.91,81.17,2.97
2025-01-30 08:00:00,12.2,79.42,3.29
2025-01-30 09:00:00,19.11,76.2,3.34
2025-01-30 10:00:00,17.75,83.3,1.62
2025-01-30 11:00:00,25.89,65.44,4.13
2025-01-30 12:00:00,19.81,71.22,2.64
2025-01-30 13:00:00,28.37,59.94,2.16
2025-01-30 14:00:00,25.74,57.64,0.25
2025-01-30 15:00:00,24.78,68.35,0.9
2025-01-30 16:00:00,22.88,72.59,3.92
2025-01-30 17:00:00,23.18,65.47,1.02
2025-01-30 18:00:00,20.24,69.79,6.52
2025-01-30 19:00:00,20.11,73.66,5.54
2025-01-30 20:00:00,15.54,77.01,11.36
2025-01-30 21:00:00,13.03,82.62,10.58
2025-01-30 22:00:00,9.59,98.61,7.33
2025-01-30 23:00:00,8.13,89.07,7.74
2025-01-31 00:00:00,6.96,90.27,9.49
2025-01-31 01:00:00,1.92,96.38,10.45
2025-01-31 02:00:00,2.3,102.77,5.14
2025-01-31 03:00:00,6.83,91.35,4.44
2025-01-31 04:00:00,6.68,89.23,5.57
2025-01-31 05:00:00,7.56,97.77,6.65
2025-01-31 06:00:00,10.04,94.54,5.75
2025-01-31 07:00:00,13.11,79.83,5.83
2025-01-31 08:00:00,13.92,72.29,1.7
2025-01-31 09:00:00,16.03,83.49,0.0
2025-01-31 10:00:00,20.39,68.49,3.69
2025-01-31 11:00:00,20.11,76.29,0.86
2025-01-31 12:00:00,24.48,55.93,0.0
2025-01-31 13:00:00,21.25,75.09,2.32
2025-01-31 14:00:00,27.06,55.85,3.59
2025-01-31 15:00:00,25.6,67.75,2.7
2025-01-31 16:00:00,24.17,66.32,2.81
2025-01-31 17:00:00,24.04,61.67,3.98
2025-01-31 18:00:00,23.33,65.47,4.44
2025-01-31 19:00:00,19.62,76.5,3.75
2025-01-31 20:00:00,11.32,86.05,5.43
2025-01-31 21:00:00,9.85,,7.9
2025-01-31 22:00:00,8.75,99.26,8.08
2025-01-31 23:00:00,7.98,82.71,8.15
2025-02-01 00:00:00,7.06,100.0,6.51
2025-02-01 01:00:00,3.58,97.65,7.63
2025-02-01 02:00:00,5.06,90.42,4.33
2025-02-01 03:00:00,3.52,90.57,7.39
2025-02-01 04:00:00,4.8,94.35,8.64
2025-02-01 05:00:00,4.8,99.91,3.57
2025-02-01 06:00:00,7.84,90.1,4.12
2025-02-01 07:00:00,9.39,95.97,4.72
2025-02-01 08:00:00,12.73,76.15,5.38
2025-02-01 09:00:00,19.38,73.37,2.21
2025-02-01 10:00:00,17.79,69.55,1.36
2025-02-01 11:00:00,27.02,63.79,0.0
2025-02-01 12:00:00,24.33,70.44,2.16
2025-02-01 13:00:00,24.72,63.32,5.17
2025-02-01 14:00:00,22.97,55.02,2.82
2025-02-01 15:00:00,25.75,64.87,2.85
2025-02-01 16:00:00,22.2,71.38,3.98
2025-02-01 17:00:00,22.0,71.52,4.21
2025-02-01 18:00:00,24.81,71.46,3.78
2025-02-01 19:00:00,17.08,71.52,7.01
2025-02-01 20:00:00,16.98,80.43,6.84
2025-02-01 21:00:00,10.69,92.43,7.15
2025-02-01 22:00:00,9.62,79.18,6.14
2025-02-01 23:00:00,11.16,87.36,9.85
2025-02-02 00:00:00,4.46,93.29,9.0
2025-02-02 01:00:00,8.34,89.58,7.07
2025-02-02 02:00:00,5.79,95.55,9.1
2025-02-02 03:00:00,3.59,94.68,6.37
2025-02-02 04:00:00,6.98,88.65,5.33
2025-02-02 05:00:00,9.25,88.8,4.64
2025-02-02 06:00:00,10.62,81.13,2.34
2025-02-02 07:00:00,8.65,84.1,4.93
2025-02-02 08:00:00,12.92,86.52,0.75
2025-02-02 09:00:00,16.47,72.05,1.04
2025-02-02 10:00:00,19.23,76.99,0.0
2025-02-02 11:00:00,22.69,70.78,1.97
2025-02-02 12:00:00,23.39,58.79,1.77
2025-02-02 13:00:00,21.36,67.07,1.61
2025-02-02 14:00:00,25.14,70.76,0.84
2025-02-02 15:00:00,25.26,59.7,1.12
2025-02-02 16:00:00,24.16,63.94,4.2
2025-02-02 17:00:00,23.61,69.4,3.4
2025-02-02 18:00:00,21.04,74.86,5.47
2025-02-02 19:00:00,17.88,74.42,4.45
2025-02-02 20:00:00,14.24,78.15,6.77
2025-02-02 21:00:00,8.47,96.91,9.08
2025-02-02 22:00:00,10.24,95.83,8.48
2025-02-02 23:00:00,7.72,95.81,7.28
2025-02-03 00:00:00,5.96,93.99,8.39
2025-02-03 01:00:00,1.86,95.67,7.54
2025-02-03 02:00:00,1.91,95.48,7.61
2025-02-03 03:00:00,6.52,95.33,6.63
2025-02-03 04:00:00,5.33,96.6,6.25
2025-02-03 05:00:00,8.36,96.97,6.09
2025-02-03 06:00:00,9.13,92.06,3.51
2025-02-03 07:00:00,11.54,77.67,2.7
2025-02-03 08:00:00,15.95,83.83,1.42
2025-02-03 09:00:00,15.63,74.06,0.48
2025-02-03 10:00:00,19.27,71.68,0.58
2025-02-03 11:00:00,20.22,73.42,2.34
2025-02-03 12:00:00,21.86,79.69,0.66
2025-02-03 13:00:00,23.11,83.38,2.87
2025-02-03 14:00:00,24.52,68.75,2.45
2025-02-03 15:00:00,22.77,67.43,0.0
2025-02-03 16:00:00,25.24,67.31,4.48
2025-02-03 17:00:00,19.35,77.91,5.44
2025-02-03 18:00:00,18.7,72.85,3.51
2025-02-03 19:00:00,15.78,87.81,6.41
2025-02-03 20:00:00,16.97,78.2,5.22
2025-02-03 21:00:00,11.88,87.17,7.27
2025-02-03 22:00:00,11.14,89.12,5.7
2025-02-03 23:00:00,4.03,98.56,5.21
2025-02-04 00:00:00,5.65,98.22,7.43
2025-02-04 01:00:00,5.9,90.56,7.71
2025-02-04 02:00:00,3.94,93.8,7.0
2025-02-04 03:00:00,6.25,87.62,5.35
2025-02-04 04:00:00,4.08,98.58,5.9
2025-02-04 05:00:00,9.53,92.1,6.18
2025-02-04 06:00:00,13.38,84.72,4.93
2025-02-04 07:00:00,10.47,95.17,4.5
2025-02-04 08:00:00,12.89,83.14,2.49
2025-02-04 09:00:00,19.27,76.94,4.64
2025-02-04 10:00:00,21.94,64.13,0.64
2025-02-04 11:00:00,19.81,70.85,2.83
2025-02-04 12:00:00,21.6,73.58,3.77
2025-02-04 13:00:00,22.88,72.43,2.82
2025-02-04 14:00:00,21.09,69.4,2.1
2025-02-04 15:00:00,21.6,69.74,2.09
2025-02-04 16:00:00,20.43,64.27,5.05
2025-02-04 17:00:00,19.32,71.73,2.09
2025-02-04 18:00:00,18.71,78.89,3.54
2025-02-04 19:00:00,16.84,80.12,5.18
2025-02-04 20:00:00,16.88,79.68,8.36
2025-02-04 21:00:00,9.19,88.96,7.69
2025-02-04 22:00:00,10.75,86.41,6.15
2025-02-04 23:00:00,6.28,89.78,7.43
2025-02-05 00:00:00,4.74,98.88,7.08
2025-02-05 01:00:00,5.19,96.82,6.83
2025-02-05 02:00:00,1.25,103.09,9.07
2025-02-05 03:00:00,4.61,92.95,5.06
2025-02-05 04:00:00,5.17,83.98,8.91
2025-02-05 05:00:00,7.41,96.87,7.02
2025-02-05 06:00:00,9.08,86.49,6.64
2025-02-05 07:00:00,15.82,74.46,3.53
2025-02-05 08:00:00,12.22,87.64,3.28
2025-02-05 09:00:00,15.03,77.99,0.73
2025-02-05 10:00:00,17.25,81.92,1.61
2025-02-05 11:00:00,19.46,76.4,2.84
2025-02-05 12:00:00,20.89,74.58,3.94
2025-02-05 13:00:00,25.54,57.36,0.44
2025-02-05 14:00:00,26.34,69.05,1.85
2025-02-05 15:00:00,22.02,70.78,2.65
2025-02-05 16:00:00,20.5,69.9,1.41
2025-02-05 17:00:00,21.51,70.95,5.11
2025-02-05 18:00:00,17.4,67.52,3.91
2025-02-05 19:00:00,17.35,78.52,5.48
2025-02-05 20:00:00,13.91,76.49,5.82
2025-02-05 21:00:00,7.88,83.92,5.94
2025-02-05 22:00:00,11.6,77.49,7.59
2025-02-05 23:00:00,10.02,93.03,7.57
2025-02-06 00:00:00,3.35,94.33,7.44
2025-02-06 01:00:00,2.8,105.97,6.81
2025-02-06 02:00:00,3.81,94.11,8.08
2025-02-06 03:00:00,4.25,87.59,9.6
2025-02-06 04:00:00,5.89,88.08,6.71
2025-02-06 05:00:00,10.19,93.39,7.27
2025-02-06 06:00:00,7.88,89.9,2.91
2025-02-06 07:00:00,9.05,86.18,4.46
2025-02-06 08:00:00,10.48,87.58,1.85
2025-02-06 09:00:00,14.36,83.47,0.66
2025-02-06 10:00:00,18.17,80.83,1.29
2025-02-06 11:00:00,23.9,73.89,3.89
2025-02-06 12:00:00,20.86,69.41,3.43
2025-02-06 13:00:00,23.34,60.86,2.47
2025-02-06 14:00:00,23.2,65.63,0.1
2025-02-06 15:00:00,25.27,65.9,2.58
2025-02-06 16:00:00,26.95,57.26,3.95
2025-02-06 17:00:00,19.25,68.84,4.49
2025-02-06 18:00:00,17.26,78.33,2.23
2025-02-06 19:00:00,17.91,75.39,4.44
2025-02-06 20:00:00,14.6,80.76,6.4
2025-02-06 21:00:00,14.34,77.2,7.93
2025-02-06 22:00:00,9.4,87.25,4.3
2025-02-06 23:00:00,5.45,89.7,7.65
2025-02-07 00:00:00,5.51,98.69,8.21
2025-02-07 01:00:00,5.55,99.35,9.17
2025-02-07 02:00:00,4.63,86.32,8.64
2025-02-07 03:00:00,4.35,91.33,8.0
2025-02-07 04:00:00,6.47,85.31,5.3
2025-02-07 05:00:00,8.26,86.86,2.91
2025-02-07 06:00:00,10.76,85.94,4.41
2025-02-07 07:00:00,11.7,77.7,5.73
2025-02-07 08:00:00,12.66,78.9,5.59
2025-02-07 09:00:00,15.87,73.68,3.94
2025-02-07 10:00:00,20.41,72.92,3.05
2025-02-07 11:00:00,18.43,75.2,2.67
2025-02-07 12:00:00,22.39,65.31,1.17
2025-02-07 13:00:00,21.87,70.58,1.91
2025-02-07 14:00:00,23.05,65.19,4.91
2025-02-07 15:00:00,25.21,63.33,1.46
2025-02-07 16:00:00,22.04,77.81,5.92
2025-02-07 17:00:00,20.16,78.96,3.74
2025-02-07 18:00:00,15.27,73.1,6.99
2025-02-07 19:00:00,17.07,81.04,3.67
2025-02-07 20:00:00,14.28,85.14,7.38
2025-02-07 21:00:00,14.73,74.66,6.02
2025-02-07 22:00:00,7.38,95.52,5.48
2025-02-07 23:00:00,6.36,100.65,8.23
2025-02-08 00:00:00,4.61,,9.51
2025-02-08 01:00:00,6.27,88.51,6.63
2025-02-08 02:00:00,2.58,103.72,5.35
2025-02-08 03:00:00,3.67,98.35,6.98
2025-02-08 04:00:00,5.33,97.26,6.37
2025-02-08 05:00:00,6.07,95.1,6.6
2025-02-08 06:00:00,6.88,,6.42
2025-02-08 07:00:00,10.57,80.01,4.13
2025-02-08 08:00:00,14.92,85.36,6.28
2025-02-08 09:00:00,13.31,88.38,3.22
2025-02-08 10:00:00,18.04,74.29,1.88
2025-02-08 11:00:00,18.44,74.62,0.0
2025-02-08 12:00:00,23.82,59.11,1.61
2025-02-08 13:00:00,19.38,76.0,1.6
2025-02-08 14:00:00,21.65,72.89,3.84
2025-02-08 15:00:00,23.18,67.42,3.57
2025-02-08 16:00:00,24.56,71.28,1.73
2025-02-08 17:00:00,19.71,71.26,4.48
2025-02-08 18:00:00,16.66,80.33,6.01
2025-02-08 19:00:00,19.12,68.72,8.07
2025-02-08 20:00:00,9.87,87.58,7.83
2025-02-08 21:00:00,5.78,92.96,8.26
2025-02-08 22:00:00,8.65,90.65,7.69
2025-02-08 23:00:00,4.7,93.6,8.48
2025-02-09 00:00:00,1.87,99.04,9.87
2025-02-09 01:00:00,4.33,100.14,5.9
2025-02-09 02:00:00,3.06,95.73,7.07
2025-02-09 03:00:00,1.79,91.78,5.96
2025-02-09 04:00:00,1.35,109.22,7.07
2025-02-09 05:00:00,7.25,98.53,7.62
2025-02-09 06:00:00,8.87,82.73,4.1
2025-02-09 07:00:00,9.79,91.26,0.64
2025-02-09 08:00:00,16.27,75.58,2.88
2025-02-09 09:00:00,13.02,84.29,4.25
2025-02-09 10:00:00,14.52,82.19,
2025-02-09 11:00:00,18.26,73.94,2.74
2025-02-09 12:00:00,21.14,66.87,1.58
2025-02-09 13:00:00,22.72,64.97,0.18
2025-02-09 14:00:00,22.09,64.78,3.17
2025-02-09 15:00:00,22.94,63.93,1.63
2025-02-09 16:00:00,18.73,74.07,6.78
2025-02-09 17:00:00,22.53,65.13,5.08
2025-02-09 18:00:00,17.41,79.8,4.13
2025-02-09 19:00:00,17.4,83.84,4.86
2025-02-09 20:00:00,13.26,79.71,6.36
2025-02-09 21:00:00,10.9,87.35,6.76
2025-02-09 22:00:00,8.71,91.93,9.27
2025-02-09 23:00:00,6.4,95.26,8.18
2025-02-10 00:00:00,5.03,95.33,6.9
2025-02-10 01:00:00,5.4,98.11,10.73
2025-02-10 02:00:00,2.79,100.73,7.67
2025-02-10 03:00:00,4.16,90.07,8.27
2025-02-10 04:00:00,3.56,101.51,5.59
2025-02-10 05:00:00,8.21,94.62,6.32
2025-02-10 06:00:00,6.05,89.61,5.47
2025-02-10 07:00:00,13.42,82.56,1.39
2025-02-10 08:00:00,12.32,87.44,6.52
2025-02-10 09:00:00,12.13,83.26,4.81
2025-02-10 10:00:00,17.66,81.37,1.81
2025-02-10 11:00:00,18.11,87.15,0.45
2025-02-10 12:00:00,22.74,,2.52
2025-02-10 13:00:00,20.76,64.45,2.23
2025-02-10 14:00:00,21.51,71.75,2.94
2025-02-10 15:00:00,18.28,78.69,3.17
2025-02-10 16:00:00,20.16,71.11,4.26
2025-02-10 17:00:00,14.63,87.82,6.39
2025-02-10 18:00:00,14.23,74.46,5.85
2025-02-10 19:00:00,16.51,81.2,4.2
2025-02-10 20:00:00,13.97,78.52,8.54
2025-02-10 21:00:00,10.66,95.11,9.58
2025-02-10 22:00:00,5.47,104.26,12.33
2025-02-10 23:00:00,5.24,90.81,6.21
2025-02-11 00:00:00,3.59,94.37,8.36
2025-02-11 01:00:00,0.28,106.38,4.77
2025-02-11 02:00:00,5.27,92.66,8.43
2025-02-11 03:00:00,4.35,95.75,6.3
2025-02-11 04:00:00,3.16,97.89,9.39
2025-02-11 05:00:00,5.24,85.04,4.61
2025-02-11 06:00:00,7.68,90.91,2.47
2025-02-11 07:00:00,5.59,90.67,3.52
2025-02-11 08:00:00,11.77,82.38,
2025-02-11 09:00:00,13.48,89.5,4.01
2025-02-11 10:00:00,15.26,73.33,0.0
2025-02-11 11:00:00,18.77,78.41,2.14
2025-02-11 12:00:00,24.51,64.34,0.0
2025-02-11 13:00:00,23.2,66.3,1.62
2025-02-11 14:00:00,21.12,74.77,4.87
2025-02-11 15:00:00,23.06,69.61,3.42
2025-02-11 16:00:00,23.72,69.77,2.2
2025-02-11 17:00:00,21.18,75.57,4.18
2025-02-11 18:00:00,17.38,74.77,5.03
2025-02-11 19:00:00,13.55,79.11,6.49
2025-02-11 20:00:00,13.66,76.58,4.45
2025-02-11 21:00:00,10.46,82.68,8.01
2025-02-11 22:00:00,9.05,103.67,3.54
2025-02-11 23:00:00,6.46,99.03,6.95
2025-02-12 00:00:00,5.59,87.36,7.27
2025-02-12 01:00:00,1.42,93.76,8.85
2025-02-12 02:00:00,4.78,97.74,7.63
2025-02-12 03:00:00,2.88,100.92,5.01
2025-02-12 04:00:00,7.64,93.78,5.02
2025-02-12 05:00:00,3.7,95.68,6.07
2025-02-12 06:00:00,10.62,85.94,4.88
2025-02-12 07:00:00,9.95,89.21,3.35
2025-02-12 08:00:00,10.84,86.67,2.78
2025-02-12 09:00:00,13.77,70.75,3.92
2025-02-12 10:00:00,16.51,76.59,1.63
2025-02-12 11:00:00,20.07,68.14,1.97
2025-02-12 12:00:00,21.85,70.6,5.25
2025-02-12 13:00:00,20.66,86.44,0.0
2025-02-12 14:00:00,22.1,71.19,0.0
2025-02-12 15:00:00,26.09,61.8,4.05
2025-02-12 16:00:00,24.26,70.72,2.48
2025-02-12 17:00:00,20.09,74.78,3.75
2025-02-12 18:00:00,17.22,78.77,3.83
2025-02-12 19:00:00,14.98,83.06,5.39
2025-02-12 20:00:00,13.37,92.73,8.9
2025-02-12 21:00:00,7.51,85.58,8.32
2025-02-12 22:00:00,6.63,94.92,8.89
2025-02-12 23:00:00,1.74,95.26,5.77
2025-02-13 00:00:00,4.2,98.98,6.27
2025-02-13 01:00:00,3.7,92.36,3.64
2025-02-13 02:00:00,1.1,98.76,6.38
2025-02-13 03:00:00,5.55,92.7,8.56
2025-02-13 04:00:00,0.95,105.95,7.28
2025-02-13 05:00:00,2.07,103.99,5.44
2025-02-13 06:00:00,7.51,85.01,4.97
2025-02-13 07:00:00,11.57,85.42,3.19
2025-02-13 08:00:00,15.43,75.81,3.81
2025-02-13 09:00:00,13.74,75.6,4.03
2025-02-13 10:00:00,19.22,72.58,0.0
2025-02-13 11:00:00,19.06,72.37,2.55
2025-02-13 12:00:00,20.38,84.06,3.4
2025-02-13 13:00:00,23.49,69.43,1.48
2025-02-13 14:00:00,23.37,60.56,3.45
2025-02-13 15:00:00,18.57,71.82,7.1
2025-02-13 16:00:00,23.68,72.09,3.34
2025-02-13 17:00:00,21.9,80.09,4.81
2025-02-13 18:00:00,15.81,70.86,3.89
2025-02-13 19:00:00,15.45,69.93,6.05
2025-02-13 20:00:00,13.05,92.28,7.19
2025-02-13 21:00:00,10.0,89.45,7.41
2025-02-13 22:00:00,5.96,89.22,6.07
2025-02-13 23:00:00,3.65,99.7,8.21
2025-02-14 00:00:00,3.31,84.36,10.19
2025-02-14 01:00:00,4.7,95.47,8.57
2025-02-14 02:00:00,3.1,99.49,9.04
2025-02-14 03:00:00,1.62,104.69,6.77
2025-02-14 04:00:00,4.9,90.08,7.62
2025-02-14 05:00:00,-0.75,104.05,6.2
2025-02-14 06:00:00,9.31,83.91,3.57
2025-02-14 07:00:00,5.95,94.85,4.7
2025-02-14 08:00:00,11.29,81.09,2.01
2025-02-14 09:00:00,12.37,81.9,1.93
2025-02-14 10:00:00,14.43,75.88,2.69
2025-02-14 11:00:00,21.41,73.64,2.55
2025-02-14 12:00:00,19.74,77.18,0.22
2025-02-14 13:00:00,22.37,67.77,3.68
2025-02-14 14:00:00,21.92,69.81,3.26
2025-02-14 15:00:00,22.63,61.31,1.82
2025-02-14 16:00:00,20.83,69.76,1.19
2025-02-14 17:00:00,16.52,77.47,4.01
2025-02-14 18:00:00,19.01,87.09,4.33
2025-02-14 19:00:00,13.62,76.51,5.95
2025-02-14 20:00:00,8.9,96.47,5.96
2025-02-14 21:00:00,8.57,94.63,4.11
2025-02-14 22:00:00,10.02,88.87,7.02
2025-02-14 23:00:00,6.65,101.32,7.44
2025-02-15 00:00:00,2.64,100.4,8.95
2025-02-15 01:00:00,1.64,101.99,6.85
2025-02-15 02:00:00,1.36,100.19,10.12
2025-02-15 03:00:00,6.49,98.88,4.25
2025-02-15 04:00:00,4.1,101.83,8.47
2025-02-15 05:00:00,5.79,90.69,5.44
2025-02-15 06:00:00,,82.31,6.29
2025-02-15 07:00:00,9.89,86.65,4.34
2025-02-15 08:00:00,11.48,81.28,5.21
2025-02-15 09:00:00,14.2,80.88,2.3
2025-02-15 10:00:00,16.86,83.4,0.75
2025-02-15 11:00:00,19.0,71.71,4.23
2025-02-15 12:00:00,22.12,69.11,1.83
2025-02-15 13:00:00,21.76,70.15,2.43
2025-02-15 14:00:00,23.47,71.54,4.25
2025-02-15 15:00:00,21.5,59.02,1.33
2025-02-15 16:00:00,20.82,68.24,4.39
2025-02-15 17:00:00,15.07,80.95,3.34
2025-02-15 18:00:00,18.83,80.26,4.8
2025-02-15 19:00:00,15.28,77.12,5.88
2025-02-15 20:00:00,14.0,72.12,4.25
2025-02-15 21:00:00,3.62,100.17,5.95
2025-02-15 22:00:00,,82.55,9.62
2025-02-15 23:00:00,4.65,89.58,9.23
2025-02-16 00:00:00,5.57,91.02,7.91
2025-02-16 01:00:00,0.28,101.16,8.26
2025-02-16 02:00:00,3.24,94.62,7.16
2025-02-16 03:00:00,0.25,91.1,9.16
2025-02-16 04:00:00,2.11,103.82,6.2
2025-02-16 05:00:00,8.77,95.72,6.12
2025-02-16 06:00:00,6.64,95.8,6.72
2025-02-16 07:00:00,9.86,82.02,3.06
2025-02-16 08:00:00,13.76,80.85,5.84
2025-02-16 09:00:00,15.6,79.07,0.58
2025-02-16 10:00:00,17.32,79.51,4.85
2025-02-16 11:00:00,19.82,76.11,1.54
2025-02-16 12:00:00,25.48,60.61,1.64
2025-02-16 13:00:00,21.56,70.57,0.0
2025-02-16 14:00:00,22.42,71.16,1.72
2025-02-16 15:00:00,23.78,74.11,1.32
2025-02-16 16:00:00,22.89,71.69,2.59
2025-02-16 17:00:00,21.46,74.26,4.02
2025-02-16 18:00:00,18.29,75.48,6.44
2025-02-16 19:00:00,12.32,91.07,6.09
2025-02-16 20:00:00,15.28,81.63,6.96
2025-02-16 21:00:00,7.14,87.48,5.48
2025-02-16 22:00:00,7.62,98.09,6.28
2025-02-16 23:00:00,3.44,100.83,10.6
2025-02-17 00:00:00,,95.36,6.9
2025-02-17 01:00:00,3.06,95.51,10.38
2025-02-17 02:00:00,2.71,99.92,7.23
2025-02-17 03:00:00,3.25,99.94,7.12
2025-02-17 04:00:00,6.63,93.54,8.11
2025-02-17 05:00:00,5.9,95.21,7.68
2025-02-17 06:00:00,6.58,101.13,4.83
2025-02-17 07:00:00,11.41,90.74,3.64
2025-02-17 08:00:00,14.44,81.79,3.42
2025-02-17 09:00:00,12.2,88.91,3.39
2025-02-17 10:00:00,18.26,69.95,3.74
2025-02-17 11:00:00,20.54,73.68,2.11
2025-02-17 12:00:00,20.13,81.35,2.93
2025-02-17 13:00:00,24.48,64.69,4.56
2025-02-17 14:00:00,21.77,65.61,2.97
2025-02-17 15:00:00,21.98,66.27,3.35
2025-02-17 16:00:00,20.38,66.48,1.22
2025-02-17 17:00:00,19.17,69.82,0.28
2025-02-17 18:00:00,14.87,78.34,5.58
2025-02-17 19:00:00,11.77,77.82,5.63
2025-02-17 20:00:00,15.25,79.7,5.73
2025-02-17 21:00:00,7.78,95.34,7.49
2025-02-17 22:00:00,5.08,90.34,7.51
2025-02-17 23:00:00,0.69,109.06,9.59
2025-02-18 00:00:00,2.21,101.74,8.13
2025-02-18 01:00:00,-0.16,107.89,6.78
2025-02-18 02:00:00,5.43,91.07,9.08
2025-02-18 03:00:00,4.51,100.01,6.8
2025-02-18 04:00:00,2.11,93.88,7.29
2025-02-18 05:00:00,9.58,92.58,5.06
2025-02-18 06:00:00,9.11,89.69,4.03
2025-02-18 07:00:00,8.91,91.9,4.35
2025-02-18 08:00:00,7.15,85.9,3.52
2025-02-18 09:00:00,19.32,69.04,3.6
2025-02-18 10:00:00,14.37,83.93,2.0
2025-02-18 11:00:00,15.93,73.86,0.0
2025-02-18 12:00:00,22.85,70.54,1.35
2025-02-18 13:00:00,26.69,55.63,3.29
2025-02-18 14:00:00,24.92,69.36,1.96
2025-02-18 15:00:00,22.93,61.94,2.51
2025-02-18 16:00:00,22.0,72.26,4.98
2025-02-18 17:00:00,20.92,74.25,3.16
2025-02-18 18:00:00,18.66,71.03,2.69
2025-02-18 19:00:00,15.3,82.46,5.54
2025-02-18 20:00:00,12.36,85.26,5.77
2025-02-18 21:00:00,9.43,85.66,5.67
2025-02-18 22:00:00,5.64,89.0,7.34
2025-02-18 23:00:00,4.51,85.92,8.64
2025-02-19 00:00:00,0.21,103.93,
2025-02-19 01:00:00,2.4,91.08,8.36
2025-02-19 02:00:00,0.28,102.56,10.32
2025-02-19 03:00:00,0.39,100.6,6.61
2025-02-19 04:00:00,3.96,99.96,6.92
2025-02-19 05:00:00,7.97,89.03,5.01
2025-02-19 06:00:00,9.1,87.2,3.73
2025-02-19 07:00:00,6.53,96.36,3.35
2025-02-19 08:00:00,10.28,88.76,2.78
2025-02-19 09:00:00,16.73,78.99,3.42
2025-02-19 10:00:00,15.29,81.91,5.93
2025-02-19 11:00:00,18.88,66.5,1.03
2025-02-19 12:00:00,22.02,73.25,1.38
2025-02-19 13:00:00,19.98,75.59,2.01
2025-02-19 14:00:00,22.47,63.71,3.0
2025-02-19 15:00:00,19.25,72.4,3.27
2025-02-19 16:00:00,19.72,72.72,5.43
2025-02-19 17:00:00,19.97,71.87,0.58
2025-02-19 18:00:00,14.07,83.06,1.42
2025-02-19 19:00:00,15.73,86.06,5.03
2025-02-19 20:00:00,12.22,89.58,8.15
2025-02-19 21:00:00,10.78,79.77,4.77
2025-02-19 22:00:00,7.71,94.05,
2025-02-19 23:00:00,7.92,97.26,8.75
2025-02-20 00:00:00,3.99,98.45,8.37
2025-02-20 01:00:00,1.88,105.13,6.26
2025-02-20 02:00:00,2.65,108.59,6.12
2025-02-20 03:00:00,3.83,101.87,5.67
2025-02-20 04:00:00,3.84,97.99,6.67
2025-02-20 05:00:00,5.41,99.61,4.84
2025-02-20 06:00:00,6.0,94.22,5.74
2025-02-20 07:00:00,,89.88,0.0
2025-02-20 08:00:00,9.6,86.34,2.21
2025-02-20 09:00:00,18.49,82.58,1.19
2025-02-20 10:00:00,14.91,76.04,2.02
2025-02-20 11:00:00,18.09,83.03,1.3
2025-02-20 12:00:00,19.63,75.55,3.2
2025-02-20 13:00:00,23.85,59.73,0.0
2025-02-20 14:00:00,21.81,71.62,2.47
2025-02-20 15:00:00,24.56,55.16,3.72
2025-02-20 16:00:00,19.72,76.05,6.28
2025-02-20 17:00:00,20.03,76.88,3.5
2025-02-20 18:00:00,15.73,75.94,5.49
2025-02-20 19:00:00,19.28,74.2,3.07
2025-02-20 20:00:00,10.03,97.23,2.91
2025-02-20 21:00:00,10.43,84.33,8.39
2025-02-20 22:00:00,8.67,84.2,7.59
2025-02-20 23:00:00,6.16,100.67,9.67
2025-02-21 00:00:00,3.54,107.0,5.94
2025-02-21 01:00:00,2.65,98.54,8.68
2025-02-21 02:00:00,2.66,103.57,10.4
2025-02-21 03:00:00,2.62,105.28,7.75
2025-02-21 04:00:00,5.84,90.03,6.91
2025-02-21 05:00:00,9.92,85.19,5.79
2025-02-21 06:00:00,6.46,98.96,2.64
2025-02-21 07:00:00,7.25,100.05,6.26
2025-02-21 08:00:00,12.4,86.71,2.58
2025-02-21 09:00:00,20.32,67.62,3.64
2025-02-21 10:00:00,15.97,88.48,0.06
2025-02-21 11:00:00,22.92,65.47,0.33
2025-02-21 12:00:00,24.59,63.94,4.15
2025-02-21 13:00:00,21.13,72.52,1.58
2025-02-21 14:00:00,23.71,74.71,4.58
2025-02-21 15:00:00,25.49,68.53,2.76
2025-02-21 16:00:00,20.47,73.87,0.74
2025-02-21 17:00:00,19.24,75.96,5.56
2025-02-21 18:00:00,,78.1,4.12
2025-02-21 19:00:00,13.13,85.6,6.82
2025-02-21 20:00:00,11.27,72.95,6.54
2025-02-21 21:00:00,7.54,89.71,4.81
2025-02-21 22:00:00,7.64,92.25,7.84
2025-02-21 23:00:00,3.96,90.8,11.19
2025-02-22 00:00:00,4.58,97.56,8.74
2025-02-22 01:00:00,-0.0,101.48,7.81
2025-02-22 02:00:00,3.43,106.13,9.21
2025-02-22 03:00:00,4.78,103.2,7.44
2025-02-22 04:00:00,0.12,99.99,6.81
2025-02-22 05:00:00,6.45,92.07,4.14
2025-02-22 06:00:00,10.23,86.79,5.35
2025-02-22 07:00:00,7.76,88.6,5.78
2025-02-22 08:00:00,16.12,79.3,2.25
2025-02-22 09:00:00,16.2,74.41,5.02
2025-02-22 10:00:00,16.36,72.31,2.26
2025-02-22 11:00:00,19.73,76.02,0.77
2025-02-22 12:00:00,22.55,71.82,3.5
2025-02-22 13:00:00,22.58,64.61,1.67
2025-02-22 14:00:00,23.85,71.2,3.54
2025-02-22 15:00:00,20.59,68.46,2.44
2025-02-22 16:00:00,21.77,71.11,3.41
2025-02-22 17:00:00,17.01,81.09,4.96
2025-02-22 18:00:00,17.55,76.01,5.44
2025-02-22 19:00:00,13.55,84.45,2.78
2025-02-22 20:00:00,11.3,82.97,4.82
2025-02-22 21:00:00,12.65,82.54,8.52
2025-02-22 22:00:00,9.95,86.55,7.4
2025-02-22 23:00:00,6.92,88.39,7.11
2025-02-23 00:00:00,2.15,,5.96
2025-02-23 01:00:00,2.7,,6.28
2025-02-23 02:00:00,5.42,91.91,4.57
2025-02-23 03:00:00,3.62,95.65,6.97
2025-02-23 04:00:00,8.97,87.76,5.6
2025-02-23 05:00:00,6.71,91.23,4.33
2025-02-23 06:00:00,8.38,89.62,4.9
2025-02-23 07:00:00,9.79,90.21,4.77
2025-02-23 08:00:00,13.26,86.98,6.64
2025-02-23 09:00:00,15.28,76.33,0.61
2025-02-23 10:00:00,19.41,67.37,4.14
2025-02-23 11:00:00,21.98,64.32,3.56
2025-02-23 12:00:00,20.08,69.94,0.83
2025-02-23 13:00:00,19.99,70.76,2.41
2025-02-23 14:00:00,19.32,69.67,1.72
2025-02-23 15:00:00,23.67,60.51,3.16
2025-02-23 16:00:00,19.45,71.04,5.76
2025-02-23 17:00:00,15.76,79.77,5.13
2025-02-23 18:00:00,18.77,77.32,5.76
2025-02-23 19:00:00,20.57,68.86,5.13
2025-02-23 20:00:00,12.98,80.97,4.27
2025-02-23 21:00:00,12.08,79.75,6.81
2025-02-23 22:00:00,8.16,90.1,9.41
2025-02-23 23:00:00,5.72,89.68,5.61
2025-02-24 00:00:00,6.41,95.75,6.42
2025-02-24 01:00:00,3.0,89.07,8.09
2025-02-24 02:00:00,3.77,95.05,6.12
2025-02-24 03:00:00,4.22,97.68,5.93
2025-02-24 04:00:00,3.24,98.56,5.86
2025-02-24 05:00:00,8.15,103.74,3.73
2025-02-24 06:00:00,7.89,92.41,3.54
2025-02-24 07:00:00,9.14,83.77,5.28
2025-02-24 08:00:00,14.31,80.56,1.54
2025-02-24 09:00:00,14.03,72.57,0.48
2025-02-24 10:00:00,18.29,74.66,1.46
2025-02-24 11:00:00,20.29,67.9,3.2
2025-02-24 12:00:00,24.07,70.97,1.7
2025-02-24 13:00:00,23.85,63.98,1.41
2025-02-24 14:00:00,23.19,67.13,2.47
2025-02-24 15:00:00,24.53,62.53,0.26
2025-02-24 16:00:00,24.68,74.17,4.24
2025-02-24 17:00:00,21.42,68.76,4.8
2025-02-24 18:00:00,18.26,84.27,4.39
2025-02-24 19:00:00,13.2,86.77,7.29
2025-02-24 20:00:00,11.11,88.25,4.81
2025-02-24 21:00:00,10.04,89.28,8.81
2025-02-24 22:00:00,7.02,93.94,7.83
2025-02-24 23:00:00,5.79,84.18,7.39
2025-02-25 00:00:00,4.95,93.68,7.97
2025-02-25 01:00:00,4.9,99.38,7.74
2025-02-25 02:00:00,3.36,97.22,9.43
2025-02-25 03:00:00,4.81,88.26,5.51
2025-02-25 04:00:00,4.97,94.78,5.36
2025-02-25 05:00:00,2.48,107.3,7.33
2025-02-25 06:00:00,6.62,98.8,4.11
2025-02-25 07:00:00,10.62,86.26,5.57
2025-02-25 08:00:00,11.08,90.64,6.05
2025-02-25 09:00:00,17.29,74.73,2.28
2025-02-25 10:00:00,21.56,61.64,3.42
2025-02-25 11:00:00,23.01,63.36,0.37
2025-02-25 12:00:00,21.73,77.72,3.13
2025-02-25 13:00:00,26.14,61.92,2.4
2025-02-25 14:00:00,23.8,65.58,3.11
2025-02-25 15:00:00,22.49,67.27,1.91
2025-02-25 16:00:00,20.93,80.63,1.01
2025-02-25 17:00:00,19.97,80.67,4.98
2025-02-25 18:00:00,17.72,87.01,1.9
2025-02-25 19:00:00,16.43,77.06,5.3
2025-02-25 20:00:00,13.82,83.25,7.91
2025-02-25 21:00:00,10.92,78.54,7.41
2025-02-25 22:00:00,9.37,95.83,10.52
2025-02-25 23:00:00,8.81,83.45,9.44
2025-02-26 00:00:00,7.02,,7.02
2025-02-26 01:00:00,1.15,95.29,7.94
2025-02-26 02:00:00,-1.33,101.55,7.53
2025-02-26 03:00:00,5.99,89.33,4.75
2025-02-26 04:00:00,2.39,95.88,5.09
2025-02-26 05:00:00,6.26,90.41,4.94
2025-02-26 06:00:00,6.44,90.1,1.95
2025-02-26 07:00:00,7.59,95.28,4.29
2025-02-26 08:00:00,14.86,74.69,3.13
2025-02-26 09:00:00,17.89,76.77,0.37
2025-02-26 10:00:00,17.63,82.14,3.01
2025-02-26 11:00:00,15.67,76.43,3.18
2025-02-26 12:00:00,21.35,66.89,2.34
2025-02-26 13:00:00,24.22,65.02,1.62
2025-02-26 14:00:00,20.82,77.17,3.29
2025-02-26 15:00:00,23.81,67.76,3.9
2025-02-26 16:00:00,22.41,66.23,3.96
2025-02-26 17:00:00,22.01,71.9,2.99
2025-02-26 18:00:00,19.02,68.46,5.41
2025-02-26 19:00:00,14.42,84.28,7.57
2025-02-26 20:00:00,16.17,80.29,5.61
2025-02-26 21:00:00,10.87,84.66,10.27
2025-02-26 22:00:00,8.73,85.21,6.81
2025-02-26 23:00:00,4.84,90.81,7.95
2025-02-27 00:00:00,4.53,98.38,6.99
2025-02-27 01:00:00,2.64,104.68,8.23
2025-02-27 02:00:00,3.73,93.72,4.98
2025-02-27 03:00:00,7.84,93.03,6.3
2025-02-27 04:00:00,2.67,88.06,4.86
2025-02-27 05:00:00,3.77,93.92,5.98
2025-02-27 06:00:00,12.02,84.31,6.49
2025-02-27 07:00:00,11.07,81.35,5.19
2025-02-27 08:00:00,12.73,78.72,0.0
2025-02-27 09:00:00,18.74,71.05,5.94
2025-02-27 10:00:00,17.86,77.17,2.84
2025-02-27 11:00:00,24.8,64.36,0.94
2025-02-27 12:00:00,24.09,55.17,2.24
2025-02-27 13:00:00,22.76,57.76,2.37
2025-02-27 14:00:00,28.39,56.88,1.4
2025-02-27 15:00:00,22.52,71.01,3.18
2025-02-27 16:00:00,24.22,52.43,2.59
2025-02-27 17:00:00,21.74,67.39,
2025-02-27 18:00:00,21.68,67.35,3.97
2025-02-27 19:00:00,19.78,79.77,3.63
2025-02-27 20:00:00,14.14,79.36,6.72
2025-02-27 21:00:00,9.98,89.44,8.0
2025-02-27 22:00:00,9.99,88.22,8.37
2025-02-27 23:00:00,5.65,83.37,9.13
2025-02-28 00:00:00,9.74,91.73,8.49
2025-02-28 01:00:00,4.99,96.09,7.1
2025-02-28 02:00:00,3.65,99.57,8.86
2025-02-28 03:00:00,5.09,114.5,5.09
2025-02-28 04:00:00,3.02,,5.15
2025-02-28 05:00:00,5.36,103.08,4.33
2025-02-28 06:00:00,11.78,83.39,6.62
2025-02-28 07:00:00,10.47,88.23,5.64
2025-02-28 08:00:00,12.28,83.85,4.23
2025-02-28 09:00:00,18.04,73.32,4.49
2025-02-28 10:00:00,21.75,67.03,1.08
2025-02-28 11:00:00,22.89,69.81,2.63
2025-02-28 12:00:00,25.03,57.37,1.81
2025-02-28 13:00:00,22.52,72.47,3.37
2025-02-28 14:00:00,21.53,68.12,2.23
2025-02-28 15:00:00,27.04,56.29,2.3
2025-02-28 16:00:00,22.39,66.66,4.31
2025-02-28 17:00:00,20.95,77.36,5.54
2025-02-28 18:00:00,22.03,66.78,4.0
2025-02-28 19:00:00,18.08,77.17,5.68
2025-02-28 20:00:00,15.29,75.91,4.91
2025-02-28 21:00:00,16.12,82.11,3.37
2025-02-28 22:00:00,8.09,93.79,7.9
2025-02-28 23:00:00,9.16,98.0,8.81
2025-03-01 00:00:00,6.14,92.41,8.39
2025-03-01 01:00:00,5.56,97.5,4.97
2025-03-01 02:00:00,7.74,91.38,7.07
2025-03-01 03:00:00,6.04,99.92,3.79
2025-03-01 04:00:00,7.1,88.26,8.55
2025-03-01 05:00:00,9.76,91.59,4.15
2025-03-01 06:00:00,8.96,88.09,6.88
2025-03-01 07:00:00,10.42,86.55,5.64
2025-03-01 08:00:00,12.6,,2.15
2025-03-01 09:00:00,13.34,83.75,1.18
2025-03-01 10:00:00,23.8,66.22,2.93
2025-03-01 11:00:00,19.55,74.25,0.84
2025-03-01 12:00:00,22.9,76.04,2.15
2025-03-01 13:00:00,23.79,71.74,1.38
2025-03-01 14:00:00,25.3,68.9,0.0
2025-03-01 15:00:00,25.98,61.25,0.0
2025-03-01 16:00:00,25.07,60.45,3.84
2025-03-01 17:00:00,20.59,76.39,3.38
2025-03-01 18:00:00,19.35,77.86,4.17
2025-03-01 19:00:00,17.84,83.1,6.82
2025-03-01 20:00:00,14.19,78.2,8.26
2025-03-01 21:00:00,15.31,78.39,6.71
2025-03-01 22:00:00,10.67,78.3,7.09
2025-03-01 23:00:00,9.09,86.9,8.65
2025-03-02 00:00:00,7.67,95.98,5.96
2025-03-02 01:00:00,7.69,88.63,8.23
2025-03-02 02:00:00,5.36,97.66,8.43
2025-03-02 03:00:00,2.75,97.42,8.14
2025-03-02 04:00:00,7.14,93.41,3.59
2025-03-02 05:00:00,6.63,86.82,4.63
2025-03-02 06:00:00,8.94,89.52,3.68
2025-03-02 07:00:00,13.58,67.17,4.37
2025-03-02 08:00:00,17.48,75.35,4.22
2025-03-02 09:00:00,17.63,67.9,5.12
2025-03-02 10:00:00,20.62,,1.66
2025-03-02 11:00:00,25.48,68.17,1.36
2025-03-02 12:00:00,24.14,68.62,3.72
2025-03-02 13:00:00,29.86,65.32,2.55
2025-03-02 14:00:00,26.13,58.56,4.3
2025-03-02 15:00:00,21.14,79.53,3.31
2025-03-02 16:00:00,25.17,69.41,1.76
2025-03-02 17:00:00,22.83,67.07,2.22
2025-03-02 18:00:00,22.58,74.31,2.67
2025-03-02 19:00:00,18.93,68.57,6.77
2025-03-02 20:00:00,14.72,76.3,8.28
2025-03-02 21:00:00,9.96,84.52,9.9
2025-03-02 22:00:00,9.58,85.49,8.86
2025-03-02 23:00:00,6.23,87.87,9.64
2025-03-03 00:00:00,5.49,100.38,7.13
2025-03-03 01:00:00,6.83,90.96,6.16
2025-03-03 02:00:00,8.65,91.29,8.87
2025-03-03 03:00:00,6.44,89.99,7.75
2025-03-03 04:00:00,4.26,87.01,6.66
2025-03-03 05:00:00,9.13,90.16,6.36
2025-03-03 06:00:00,12.71,73.87,5.48
2025-03-03 07:00:00,11.51,84.89,6.15
2025-03-03 08:00:00,15.05,73.08,5.44
2025-03-03 09:00:00,17.93,85.54,3.7
2025-03-03 10:00:00,18.74,78.95,3.67
2025-03-03 11:00:00,23.68,67.51,2.87
2025-03-03 12:00:00,23.73,73.22,1.31
2025-03-03 13:00:00,25.81,59.55,3.24
2025-03-03 14:00:00,23.54,69.91,0.31
2025-03-03 15:00:00,24.1,67.35,4.46
2025-03-03 16:00:00,25.42,65.69,1.71
2025-03-03 17:00:00,21.64,76.4,4.65
2025-03-03 18:00:00,23.77,70.51,3.73
2025-03-03 19:00:00,17.1,78.29,6.61
2025-03-03 20:00:00,15.76,70.59,6.45
2025-03-03 21:00:00,14.59,75.81,4.73
2025-03-03 22:00:00,7.48,90.67,8.23
2025-03-03 23:00:00,4.72,95.89,7.03
2025-03-04 00:00:00,3.91,90.98,9.32
2025-03-04 01:00:00,8.49,101.82,7.9
2025-03-04 02:00:00,4.52,103.3,8.19
2025-03-04 03:00:00,11.08,88.89,5.68
2025-03-04 04:00:00,5.83,94.12,5.62
2025-03-04 05:00:00,8.92,88.06,5.09
2025-03-04 06:00:00,13.71,77.18,
2025-03-04 07:00:00,17.05,77.31,6.74
2025-03-04 08:00:00,19.75,74.16,2.29
2025-03-04 09:00:00,20.63,65.35,4.49
2025-03-04 10:00:00,22.67,70.17,0.0
2025-03-04 11:00:00,23.88,65.9,0.31
